2025.09.25 11:53:32 INFO  Started: Metals version 1.6.2 in folders 'D:\University\5_1_Subjects\NLP\Lab2' for client Visual Studio Code 1.104.1.
2025.09.25 11:53:33 INFO  no build target found for D:\University\5_1_Subjects\NLP\Lab2\src\main\scala\test.scala. Using presentation compiler with project's scala-library version: 3.3.6
2025.09.25 11:53:39 INFO  running 'C:\Program Files\Java\jdk-17\bin\java.exe -Djline.terminal=jline.UnsupportedTerminal -Dsbt.log.noformat=true -Dfile.encoding=UTF-8 -Dsbt.version=1.11.4 -jar C:\Users\trand\AppData\Local\Temp\metals12564937639909668309\sbt-launch.jar -Dbloop.export-jar-classifiers=sources bloopInstall'
2025.09.25 11:53:39 ERROR [info] waiting for lock on C:\Users\trand\.sbt\boot\sbt.boot.lock to be available...
2025.09.25 11:53:42 INFO  no build target found for D:\University\5_1_Subjects\NLP\Lab2\project\metals.sbt. Using presentation compiler with project's scala-library version: 3.3.6
2025.09.25 11:55:13 ERROR [info] [launcher] getting org.scala-sbt sbt 1.11.4  (this may take some time)...
2025.09.25 11:55:43 INFO  no build target found for D:\University\5_1_Subjects\NLP\Lab2\project\metals.sbt. Using presentation compiler with project's scala-library version: 3.3.6
Sep 25, 2025 11:55:43 AM org.eclipse.lsp4j.jsonrpc.RemoteEndpoint handleCancellation
WARNING: Unmatched cancel notification for request id 12
Sep 25, 2025 11:55:43 AM org.eclipse.lsp4j.jsonrpc.RemoteEndpoint handleCancellation
WARNING: Unmatched cancel notification for request id 15
Sep 25, 2025 11:55:43 AM org.eclipse.lsp4j.jsonrpc.RemoteEndpoint handleCancellation
WARNING: Unmatched cancel notification for request id 10
2025.09.25 11:55:43 INFO  no build target found for D:\University\5_1_Subjects\NLP\Lab2\project\metals.sbt. Using presentation compiler with project's scala-library version: 3.3.6
Exception in thread "pool-4-thread-1" java.lang.InterruptedException
	at scala.meta.internal.metals.FutureCancelToken.checkCanceled(FutureCancelToken.scala:29)
	at scala.meta.internal.pc.CompilerAccess.onCompilerJobQueue$$anonfun$1(CompilerAccess.scala:244)
	at scala.meta.internal.pc.CompilerJobQueue$Job.run(CompilerJobQueue.scala:153)
	at java.base/java.util.concurrent.ThreadPoolExecutor.runWorker(ThreadPoolExecutor.java:1136)
	at java.base/java.util.concurrent.ThreadPoolExecutor$Worker.run(ThreadPoolExecutor.java:635)
	at java.base/java.lang.Thread.run(Thread.java:842)
2025.09.25 11:55:43 WARN  no build target for: D:\University\5_1_Subjects\NLP\Lab2\src\main\scala\test.scala
2025.09.25 11:55:43 INFO  no build target found for D:\University\5_1_Subjects\NLP\Lab2\src\main\scala\test.scala. Using presentation compiler with project's scala-library version: 3.3.6
Sep 25, 2025 11:55:43 AM org.eclipse.lsp4j.jsonrpc.RemoteEndpoint handleCancellation
WARNING: Unmatched cancel notification for request id 16
2025.09.25 11:55:43 INFO  no build target found for D:\University\5_1_Subjects\NLP\Lab2\src\main\scala\test.scala. Using presentation compiler with project's scala-library version: 3.3.6
2025.09.25 11:55:52 ERROR sbt.internal.ServerAlreadyBootingException: java.io.IOException: Could not create lock for \\.\pipe\sbt-load4622031143101539149_lock, error 5
2025.09.25 11:55:52 INFO  sbt thinks that server is already booting because of this exception:
2025.09.25 11:55:52 ERROR 	at sbt.internal.BootServerSocket.newSocket(BootServerSocket.java:357)
2025.09.25 11:55:52 ERROR 	at sbt.internal.BootServerSocket.<init>(BootServerSocket.java:296)
2025.09.25 11:55:52 ERROR 	at sbt.xMain$.getSocketOrExit(Main.scala:153)
2025.09.25 11:55:52 ERROR 	at sbt.xMain$.bootServerSocket$lzycompute$1(Main.scala:79)
2025.09.25 11:55:52 ERROR 	at sbt.xMain$.bootServerSocket$1(Main.scala:79)
2025.09.25 11:55:52 ERROR 	at sbt.xMain$.withStreams$1(Main.scala:87)
2025.09.25 11:55:52 ERROR 	at sbt.xMain$.run(Main.scala:124)
2025.09.25 11:55:52 ERROR 	at java.base/jdk.internal.reflect.NativeMethodAccessorImpl.invoke0(Native Method)
2025.09.25 11:55:52 ERROR 	at java.base/jdk.internal.reflect.NativeMethodAccessorImpl.invoke(NativeMethodAccessorImpl.java:77)
2025.09.25 11:55:52 ERROR 	at java.base/jdk.internal.reflect.DelegatingMethodAccessorImpl.invoke(DelegatingMethodAccessorImpl.java:43)
2025.09.25 11:55:52 ERROR 	at java.base/java.lang.reflect.Method.invoke(Method.java:568)
2025.09.25 11:55:52 ERROR 	at sbt.internal.XMainConfiguration.run(XMainConfiguration.java:59)
2025.09.25 11:55:52 ERROR 	at sbt.xMain.run(Main.scala:48)
2025.09.25 11:55:52 ERROR 	at xsbt.boot.Launch$.$anonfun$run$1(Launch.scala:149)
2025.09.25 11:55:52 ERROR 	at xsbt.boot.Launch$.withContextLoader(Launch.scala:176)
2025.09.25 11:55:52 ERROR 	at xsbt.boot.Launch$.run(Launch.scala:149)
2025.09.25 11:55:52 ERROR 	at xsbt.boot.Launch$.$anonfun$apply$1(Launch.scala:44)
2025.09.25 11:55:52 ERROR 	at xsbt.boot.Launch$.launch(Launch.scala:159)
2025.09.25 11:55:52 ERROR 	at xsbt.boot.Launch$.apply(Launch.scala:44)
2025.09.25 11:55:52 ERROR 	at xsbt.boot.Launch$.apply(Launch.scala:21)
2025.09.25 11:55:52 ERROR 	at xsbt.boot.Boot$.runImpl(Boot.scala:78)
2025.09.25 11:55:52 ERROR 	at xsbt.boot.Boot$.run(Boot.scala:73)
2025.09.25 11:55:52 ERROR 	at xsbt.boot.Boot$.main(Boot.scala:21)
2025.09.25 11:55:52 ERROR 	at xsbt.boot.Boot.main(Boot.scala)
2025.09.25 11:55:52 ERROR Caused by: java.io.IOException: Could not create lock for \\.\pipe\sbt-load4622031143101539149_lock, error 5
2025.09.25 11:55:52 ERROR 	at org.scalasbt.ipcsocket.Win32NamedPipeServerSocket.<init>(Win32NamedPipeServerSocket.java:129)
2025.09.25 11:55:52 ERROR 	at org.scalasbt.ipcsocket.Win32NamedPipeServerSocket.<init>(Win32NamedPipeServerSocket.java:48)
2025.09.25 11:55:52 ERROR 	at sbt.internal.BootServerSocket.newSocket(BootServerSocket.java:351)
2025.09.25 11:55:52 ERROR 	... 23 more
2025.09.25 11:55:52 INFO  time: ran 'sbt bloopInstall' in 2m12s
2025.09.25 11:55:52 ERROR sbt command failed: C:\Program Files\Java\jdk-17\bin\java.exe -Djline.terminal=jline.UnsupportedTerminal -Dsbt.log.noformat=true -Dfile.encoding=UTF-8 -Dsbt.version=1.11.4 -jar C:\Users\trand\AppData\Local\Temp\metals12564937639909668309\sbt-launch.jar -Dbloop.export-jar-classifiers=sources bloopInstall
2025.09.25 11:55:52 WARN  no build target for: D:\University\5_1_Subjects\NLP\Lab2\project\metals.sbt
2025.09.25 11:55:52 WARN  no build target for: D:\University\5_1_Subjects\NLP\Lab2\src\main\scala\test.scala
2025.09.25 11:55:52 INFO  no build target found for D:\University\5_1_Subjects\NLP\Lab2\project\metals.sbt. Using presentation compiler with project's scala-library version: 3.3.6
2025.09.25 11:55:52 INFO  no build target found for D:\University\5_1_Subjects\NLP\Lab2\src\main\scala\test.scala. Using presentation compiler with project's scala-library version: 3.3.6
2025.09.25 11:55:52 INFO  no build target found for D:\University\5_1_Subjects\NLP\Lab2\src\main\scala\test.scala. Using presentation compiler with project's scala-library version: 3.3.6
2025.09.25 11:55:52 INFO  no build target found for D:\University\5_1_Subjects\NLP\Lab2\project\metals.sbt. Using presentation compiler with project's scala-library version: 3.3.6
2025.09.25 11:56:02 INFO  sbt 1.11.6 found for workspace.
2025.09.25 11:56:03 ERROR sbt.internal.ServerAlreadyBootingException: java.io.IOException: Could not create lock for \\.\pipe\sbt-load4622031143101539149_lock, error 5
2025.09.25 11:56:03 INFO  sbt thinks that server is already booting because of this exception:
2025.09.25 11:56:03 ERROR 	at sbt.internal.BootServerSocket.newSocket(BootServerSocket.java:357)
2025.09.25 11:56:03 ERROR 	at sbt.internal.BootServerSocket.<init>(BootServerSocket.java:296)
2025.09.25 11:56:03 ERROR 	at sbt.xMain$.getSocketOrExit(Main.scala:153)
2025.09.25 11:56:03 ERROR 	at sbt.xMain$.bootServerSocket$lzycompute$1(Main.scala:79)
2025.09.25 11:56:03 ERROR 	at sbt.xMain$.bootServerSocket$1(Main.scala:79)
2025.09.25 11:56:03 ERROR 	at sbt.xMain$.withStreams$1(Main.scala:87)
2025.09.25 11:56:03 ERROR 	at sbt.xMain$.run(Main.scala:124)
2025.09.25 11:56:03 ERROR 	at java.base/jdk.internal.reflect.NativeMethodAccessorImpl.invoke0(Native Method)
2025.09.25 11:56:03 ERROR 	at java.base/jdk.internal.reflect.NativeMethodAccessorImpl.invoke(NativeMethodAccessorImpl.java:77)
2025.09.25 11:56:03 ERROR 	at java.base/jdk.internal.reflect.DelegatingMethodAccessorImpl.invoke(DelegatingMethodAccessorImpl.java:43)
2025.09.25 11:56:03 ERROR 	at java.base/java.lang.reflect.Method.invoke(Method.java:568)
2025.09.25 11:56:03 ERROR 	at sbt.internal.XMainConfiguration.run(XMainConfiguration.java:59)
2025.09.25 11:56:03 ERROR 	at sbt.xMain.run(Main.scala:48)
2025.09.25 11:56:03 ERROR 	at xsbt.boot.Launch$.$anonfun$run$1(Launch.scala:149)
2025.09.25 11:56:03 ERROR 	at xsbt.boot.Launch$.withContextLoader(Launch.scala:176)
2025.09.25 11:56:03 ERROR 	at xsbt.boot.Launch$.run(Launch.scala:149)
2025.09.25 11:56:03 ERROR 	at xsbt.boot.Launch$.$anonfun$apply$1(Launch.scala:44)
2025.09.25 11:56:03 ERROR 	at xsbt.boot.Launch$.launch(Launch.scala:159)
2025.09.25 11:56:03 ERROR 	at xsbt.boot.Launch$.apply(Launch.scala:44)
2025.09.25 11:56:03 ERROR 	at xsbt.boot.Launch$.apply(Launch.scala:21)
2025.09.25 11:56:03 ERROR 	at xsbt.boot.Boot$.runImpl(Boot.scala:78)
2025.09.25 11:56:03 ERROR 	at xsbt.boot.Boot$.run(Boot.scala:73)
2025.09.25 11:56:03 ERROR 	at xsbt.boot.Boot$.main(Boot.scala:21)
2025.09.25 11:56:03 ERROR 	at xsbt.boot.Boot.main(Boot.scala)
2025.09.25 11:56:03 ERROR Caused by: java.io.IOException: Could not create lock for \\.\pipe\sbt-load4622031143101539149_lock, error 5
2025.09.25 11:56:03 ERROR 	at org.scalasbt.ipcsocket.Win32NamedPipeServerSocket.<init>(Win32NamedPipeServerSocket.java:129)
2025.09.25 11:56:03 ERROR 	at org.scalasbt.ipcsocket.Win32NamedPipeServerSocket.<init>(Win32NamedPipeServerSocket.java:48)
2025.09.25 11:56:03 ERROR 	at sbt.internal.BootServerSocket.newSocket(BootServerSocket.java:351)
2025.09.25 11:56:03 ERROR 	... 23 more
2025.09.25 11:56:03 INFO  time: ran 'sbt bspConfig' in 0.98s
2025.09.25 11:56:03 ERROR Creation of .bsp/sbt failed with exit code: 2
2025.09.25 11:59:20 INFO  no build target found for D:\University\5_1_Subjects\NLP\Lab2\src\main\scala\test.scala. Using presentation compiler with project's scala-library version: 3.3.6
2025.09.25 11:59:20 INFO  no build target found for D:\University\5_1_Subjects\NLP\Lab2\src\main\scala\test.scala. Using presentation compiler with project's scala-library version: 3.3.6
2025.09.25 11:59:22 INFO  no build target found for D:\University\5_1_Subjects\NLP\Lab2\src\main\scala\test.scala. Using presentation compiler with project's scala-library version: 3.3.6
2025.09.25 11:59:22 INFO  no build target found for D:\University\5_1_Subjects\NLP\Lab2\src\main\scala\test.scala. Using presentation compiler with project's scala-library version: 3.3.6
2025.09.25 11:59:22 INFO  no build target found for D:\University\5_1_Subjects\NLP\Lab2\src\main\scala\test.scala. Using presentation compiler with project's scala-library version: 3.3.6
2025.09.25 11:59:22 INFO  no build target found for D:\University\5_1_Subjects\NLP\Lab2\src\main\scala\test.scala. Using presentation compiler with project's scala-library version: 3.3.6
2025.09.25 11:59:24 INFO  no build target found for D:\University\5_1_Subjects\NLP\Lab2\src\main\scala\test.scala. Using presentation compiler with project's scala-library version: 3.3.6
2025.09.25 11:59:24 INFO  no build target found for D:\University\5_1_Subjects\NLP\Lab2\src\main\scala\test.scala. Using presentation compiler with project's scala-library version: 3.3.6
2025.09.25 11:59:24 INFO  no build target found for D:\University\5_1_Subjects\NLP\Lab2\src\main\scala\test.scala. Using presentation compiler with project's scala-library version: 3.3.6
2025.09.25 11:59:24 INFO  no build target found for D:\University\5_1_Subjects\NLP\Lab2\src\main\scala\test.scala. Using presentation compiler with project's scala-library version: 3.3.6
2025.09.25 11:59:24 INFO  no build target found for D:\University\5_1_Subjects\NLP\Lab2\src\main\scala\test.scala. Using presentation compiler with project's scala-library version: 3.3.6
2025.09.25 11:59:24 INFO  no build target found for D:\University\5_1_Subjects\NLP\Lab2\src\main\scala\test.scala. Using presentation compiler with project's scala-library version: 3.3.6
2025.09.25 11:59:24 INFO  no build target found for D:\University\5_1_Subjects\NLP\Lab2\src\main\scala\test.scala. Using presentation compiler with project's scala-library version: 3.3.6
2025.09.25 11:59:24 INFO  no build target found for D:\University\5_1_Subjects\NLP\Lab2\src\main\scala\test.scala. Using presentation compiler with project's scala-library version: 3.3.6
2025.09.25 11:59:24 INFO  no build target found for D:\University\5_1_Subjects\NLP\Lab2\src\main\scala\test.scala. Using presentation compiler with project's scala-library version: 3.3.6
2025.09.25 11:59:24 INFO  no build target found for D:\University\5_1_Subjects\NLP\Lab2\src\main\scala\test.scala. Using presentation compiler with project's scala-library version: 3.3.6
2025.09.25 11:59:25 INFO  no build target found for D:\University\5_1_Subjects\NLP\Lab2\src\main\scala\test.scala. Using presentation compiler with project's scala-library version: 3.3.6
2025.09.25 11:59:25 INFO  no build target found for D:\University\5_1_Subjects\NLP\Lab2\src\main\scala\test.scala. Using presentation compiler with project's scala-library version: 3.3.6
2025.09.25 11:59:25 INFO  no build target found for D:\University\5_1_Subjects\NLP\Lab2\src\main\scala\test.scala. Using presentation compiler with project's scala-library version: 3.3.6
2025.09.25 11:59:27 INFO  no build target found for D:\University\5_1_Subjects\NLP\Lab2\src\main\scala\test.scala. Using presentation compiler with project's scala-library version: 3.3.6
2025.09.25 11:59:27 INFO  no build target found for D:\University\5_1_Subjects\NLP\Lab2\src\main\scala\test.scala. Using presentation compiler with project's scala-library version: 3.3.6
2025.09.25 11:59:27 WARN  no build target for: D:\University\5_1_Subjects\NLP\Lab2\src\main\scala\test.scala
2025.09.25 11:59:27 INFO  no build target found for D:\University\5_1_Subjects\NLP\Lab2\src\main\scala\test.scala. Using presentation compiler with project's scala-library version: 3.3.6
2025.09.25 11:59:27 INFO  no build target found for D:\University\5_1_Subjects\NLP\Lab2\src\main\scala\test.scala. Using presentation compiler with project's scala-library version: 3.3.6
2025.09.25 11:59:46 INFO  no build target found for D:\University\5_1_Subjects\NLP\Lab2\src\main\scala\test.scala. Using presentation compiler with project's scala-library version: 3.3.6
2025.09.25 11:59:46 INFO  no build target found for D:\University\5_1_Subjects\NLP\Lab2\src\main\scala\test.scala. Using presentation compiler with project's scala-library version: 3.3.6
2025.09.25 11:59:46 INFO  no build target found for D:\University\5_1_Subjects\NLP\Lab2\src\main\scala\test.scala. Using presentation compiler with project's scala-library version: 3.3.6
2025.09.25 11:59:47 INFO  no build target found for D:\University\5_1_Subjects\NLP\Lab2\src\main\scala\test.scala. Using presentation compiler with project's scala-library version: 3.3.6
2025.09.25 11:59:47 INFO  no build target found for D:\University\5_1_Subjects\NLP\Lab2\src\main\scala\test.scala. Using presentation compiler with project's scala-library version: 3.3.6
2025.09.25 11:59:47 INFO  no build target found for D:\University\5_1_Subjects\NLP\Lab2\src\main\scala\test.scala. Using presentation compiler with project's scala-library version: 3.3.6
2025.09.25 12:00:47 INFO  no build target found for d:\University\5_1_Subjects\NLP\Lab2\src\main\scala\test.scala. Using presentation compiler with project's scala-library version: 3.3.6
2025.09.25 12:00:47 INFO  no build target found for D:\University\5_1_Subjects\NLP\Lab2\build.sbt. Using presentation compiler with project's scala-library version: 3.3.6
2025.09.25 12:00:47 WARN  no build target for: D:\University\5_1_Subjects\NLP\Lab2\build.sbt
2025.09.25 12:00:47 INFO  no build target found for D:\University\5_1_Subjects\NLP\Lab2\build.sbt. Using presentation compiler with project's scala-library version: 3.3.6
2025.09.25 12:00:47 INFO  no build target found for D:\University\5_1_Subjects\NLP\Lab2\build.sbt. Using presentation compiler with project's scala-library version: 3.3.6
2025.09.25 12:00:47 INFO  no build target found for D:\University\5_1_Subjects\NLP\Lab2\build.sbt. Using presentation compiler with project's scala-library version: 3.3.6
2025.09.25 12:01:10 INFO  no build target found for D:\University\5_1_Subjects\NLP\Lab2\build.sbt. Using presentation compiler with project's scala-library version: 3.3.6
2025.09.25 12:01:10 INFO  no build target found for D:\University\5_1_Subjects\NLP\Lab2\build.sbt. Using presentation compiler with project's scala-library version: 3.3.6
2025.09.25 12:01:10 INFO  no build target found for D:\University\5_1_Subjects\NLP\Lab2\build.sbt. Using presentation compiler with project's scala-library version: 3.3.6
2025.09.25 12:01:10 INFO  no build target found for D:\University\5_1_Subjects\NLP\Lab2\build.sbt. Using presentation compiler with project's scala-library version: 3.3.6
2025.09.25 12:01:11 WARN  no build target for: D:\University\5_1_Subjects\NLP\Lab2\build.sbt
2025.09.25 12:01:10 INFO  no build target found for D:\University\5_1_Subjects\NLP\Lab2\build.sbt. Using presentation compiler with project's scala-library version: 3.3.6
2025.09.25 12:01:11 INFO  sbt 1.11.6 found for workspace.
2025.09.25 12:01:13 INFO  [info] welcome to sbt 1.11.6 (Oracle Corporation Java 17.0.12)
2025.09.25 12:01:14 INFO  [info] loading project definition from D:\University\5_1_Subjects\NLP\Lab2\project\project
2025.09.25 12:01:14 INFO  [info] loading project definition from D:\University\5_1_Subjects\NLP\Lab2\project
2025.09.25 12:01:18 INFO  [info] loading settings for project root from build.sbt...
2025.09.25 12:01:18 INFO  [info] set current project to lab17_spark_nlp (in build file:/D:/University/5_1_Subjects/NLP/Lab2/)
2025.09.25 12:01:18 INFO  [success] Total time: 0 s, completed Sep 25, 2025, 12:01:18 PM
2025.09.25 12:01:19 INFO  time: ran 'sbt bspConfig' in 7.49s
2025.09.25 12:01:19 INFO  Attempting to connect to the build server...
2025.09.25 12:01:34 ERROR Failed to connect with build server, no functionality will work.
java.util.concurrent.TimeoutException: Future timed out after [15 seconds]
	at scala.concurrent.impl.Promise$DefaultPromise.tryAwait0(Promise.scala:248)
	at scala.concurrent.impl.Promise$DefaultPromise.result(Promise.scala:261)
	at scala.concurrent.Await$.$anonfun$result$1(package.scala:201)
	at scala.concurrent.BlockContext$DefaultBlockContext$.blockOn(BlockContext.scala:62)
	at scala.concurrent.Await$.result(package.scala:124)
	at scala.meta.internal.metals.MetalsEnrichments$XtensionScalaFuture.$anonfun$withTimeout$1(MetalsEnrichments.scala:296)
	at scala.concurrent.Future$.$anonfun$apply$1(Future.scala:687)
	at scala.concurrent.impl.Promise$Transformation.run(Promise.scala:467)
	at java.util.concurrent.ThreadPoolExecutor.runWorker(ThreadPoolExecutor.java:1136)
	at java.util.concurrent.ThreadPoolExecutor$Worker.run(ThreadPoolExecutor.java:635)
	at java.lang.Thread.run(Thread.java:842)

2025.09.25 12:02:15 INFO  no build target found for D:\University\5_1_Subjects\NLP\Lab2\build.sbt. Using presentation compiler with project's scala-library version: 3.3.6
2025.09.25 12:02:15 INFO  no build target found for D:\University\5_1_Subjects\NLP\Lab2\build.sbt. Using presentation compiler with project's scala-library version: 3.3.6
2025.09.25 12:02:17 INFO  no build target found for D:\University\5_1_Subjects\NLP\Lab2\build.sbt. Using presentation compiler with project's scala-library version: 3.3.6
2025.09.25 12:02:18 INFO  no build target found for D:\University\5_1_Subjects\NLP\Lab2\build.sbt. Using presentation compiler with project's scala-library version: 3.3.6
2025.09.25 12:02:18 INFO  no build target found for D:\University\5_1_Subjects\NLP\Lab2\build.sbt. Using presentation compiler with project's scala-library version: 3.3.6
2025.09.25 12:02:20 INFO  no build target found for D:\University\5_1_Subjects\NLP\Lab2\build.sbt. Using presentation compiler with project's scala-library version: 3.3.6
2025.09.25 12:02:27 INFO  no build target found for D:\University\5_1_Subjects\NLP\Lab2\build.sbt. Using presentation compiler with project's scala-library version: 3.3.6
2025.09.25 12:02:27 INFO  no build target found for D:\University\5_1_Subjects\NLP\Lab2\build.sbt. Using presentation compiler with project's scala-library version: 3.3.6
2025.09.25 12:02:27 INFO  no build target found for D:\University\5_1_Subjects\NLP\Lab2\build.sbt. Using presentation compiler with project's scala-library version: 3.3.6
2025.09.25 12:02:27 INFO  no build target found for D:\University\5_1_Subjects\NLP\Lab2\build.sbt. Using presentation compiler with project's scala-library version: 3.3.6
2025.09.25 12:02:29 INFO  no build target found for D:\University\5_1_Subjects\NLP\Lab2\build.sbt. Using presentation compiler with project's scala-library version: 3.3.6
2025.09.25 12:02:29 INFO  no build target found for D:\University\5_1_Subjects\NLP\Lab2\build.sbt. Using presentation compiler with project's scala-library version: 3.3.6
2025.09.25 12:02:29 INFO  no build target found for D:\University\5_1_Subjects\NLP\Lab2\build.sbt. Using presentation compiler with project's scala-library version: 3.3.6
2025.09.25 12:02:29 INFO  no build target found for D:\University\5_1_Subjects\NLP\Lab2\build.sbt. Using presentation compiler with project's scala-library version: 3.3.6
2025.09.25 12:02:29 INFO  no build target found for D:\University\5_1_Subjects\NLP\Lab2\build.sbt. Using presentation compiler with project's scala-library version: 3.3.6
2025.09.25 12:02:34 INFO  no build target found for D:\University\5_1_Subjects\NLP\Lab2\build.sbt. Using presentation compiler with project's scala-library version: 3.3.6
2025.09.25 12:03:18 INFO  no build target found for D:\University\5_1_Subjects\NLP\Lab2\build.sbt. Using presentation compiler with project's scala-library version: 3.3.6
2025.09.25 12:04:41 INFO  no build target found for D:\University\5_1_Subjects\NLP\Lab2\build.sbt. Using presentation compiler with project's scala-library version: 3.3.6
2025.09.25 12:05:07 INFO  no build target found for D:\University\5_1_Subjects\NLP\Lab2\src\main\scala\lab2.scala. Using presentation compiler with project's scala-library version: 3.3.6
2025.09.25 12:05:07 WARN  no build target for: D:\University\5_1_Subjects\NLP\Lab2\src\main\scala\lab2.scala
2025.09.25 12:05:07 INFO  no build target found for D:\University\5_1_Subjects\NLP\Lab2\src\main\scala\lab2.scala. Using presentation compiler with project's scala-library version: 3.3.6
2025.09.25 12:05:07 WARN  Could not find semantic tokens for: file:///D:/University/5_1_Subjects/NLP/Lab2/src/main/scala/lab2.scala
2025.09.25 12:05:07 INFO  no build target found for D:\University\5_1_Subjects\NLP\Lab2\src\main\scala\lab2.scala. Using presentation compiler with project's scala-library version: 3.3.6
2025.09.25 12:05:07 WARN  Could not find semantic tokens for: file:///D:/University/5_1_Subjects/NLP/Lab2/src/main/scala/lab2.scala
2025.09.25 12:07:06 WARN  no build target for: D:\University\5_1_Subjects\NLP\Lab2\build.sbt
2025.09.25 12:07:06 INFO  no build target found for D:\University\5_1_Subjects\NLP\Lab2\build.sbt. Using presentation compiler with project's scala-library version: 3.3.6
2025.09.25 12:07:06 INFO  no build target found for D:\University\5_1_Subjects\NLP\Lab2\build.sbt. Using presentation compiler with project's scala-library version: 3.3.6
2025.09.25 12:07:06 INFO  no build target found for D:\University\5_1_Subjects\NLP\Lab2\build.sbt. Using presentation compiler with project's scala-library version: 3.3.6
2025.09.25 12:07:09 INFO  no build target found for D:\University\5_1_Subjects\NLP\Lab2\build.sbt. Using presentation compiler with project's scala-library version: 3.3.6
2025.09.25 12:07:22 INFO  no build target found for D:\University\5_1_Subjects\NLP\Lab2\build.sbt. Using presentation compiler with project's scala-library version: 3.3.6
2025.09.25 12:08:05 INFO  no build target found for D:\University\5_1_Subjects\NLP\Lab2\build.sbt. Using presentation compiler with project's scala-library version: 3.3.6
2025.09.25 12:08:05 INFO  no build target found for D:\University\5_1_Subjects\NLP\Lab2\build.sbt. Using presentation compiler with project's scala-library version: 3.3.6
2025.09.25 12:08:06 INFO  no build target found for D:\University\5_1_Subjects\NLP\Lab2\build.sbt. Using presentation compiler with project's scala-library version: 3.3.6
2025.09.25 12:08:07 INFO  no build target found for D:\University\5_1_Subjects\NLP\Lab2\build.sbt. Using presentation compiler with project's scala-library version: 3.3.6
2025.09.25 12:08:07 INFO  no build target found for D:\University\5_1_Subjects\NLP\Lab2\build.sbt. Using presentation compiler with project's scala-library version: 3.3.6
2025.09.25 12:08:07 INFO  no build target found for D:\University\5_1_Subjects\NLP\Lab2\build.sbt. Using presentation compiler with project's scala-library version: 3.3.6
2025.09.25 12:08:07 INFO  no build target found for D:\University\5_1_Subjects\NLP\Lab2\build.sbt. Using presentation compiler with project's scala-library version: 3.3.6
2025.09.25 12:08:08 INFO  no build target found for D:\University\5_1_Subjects\NLP\Lab2\build.sbt. Using presentation compiler with project's scala-library version: 3.3.6
2025.09.25 12:08:08 INFO  no build target found for D:\University\5_1_Subjects\NLP\Lab2\build.sbt. Using presentation compiler with project's scala-library version: 3.3.6
2025.09.25 12:08:08 INFO  no build target found for D:\University\5_1_Subjects\NLP\Lab2\build.sbt. Using presentation compiler with project's scala-library version: 3.3.6
2025.09.25 12:08:09 INFO  no build target found for D:\University\5_1_Subjects\NLP\Lab2\build.sbt. Using presentation compiler with project's scala-library version: 3.3.6
2025.09.25 12:08:09 INFO  no build target found for D:\University\5_1_Subjects\NLP\Lab2\build.sbt. Using presentation compiler with project's scala-library version: 3.3.6
2025.09.25 12:08:09 INFO  no build target found for D:\University\5_1_Subjects\NLP\Lab2\build.sbt. Using presentation compiler with project's scala-library version: 3.3.6
2025.09.25 12:08:09 INFO  no build target found for D:\University\5_1_Subjects\NLP\Lab2\build.sbt. Using presentation compiler with project's scala-library version: 3.3.6
2025.09.25 12:08:10 INFO  no build target found for D:\University\5_1_Subjects\NLP\Lab2\build.sbt. Using presentation compiler with project's scala-library version: 3.3.6
2025.09.25 12:08:09 INFO  no build target found for D:\University\5_1_Subjects\NLP\Lab2\build.sbt. Using presentation compiler with project's scala-library version: 3.3.6
2025.09.25 12:08:10 INFO  no build target found for D:\University\5_1_Subjects\NLP\Lab2\build.sbt. Using presentation compiler with project's scala-library version: 3.3.6
2025.09.25 12:08:10 INFO  no build target found for D:\University\5_1_Subjects\NLP\Lab2\build.sbt. Using presentation compiler with project's scala-library version: 3.3.6
2025.09.25 12:08:10 INFO  no build target found for D:\University\5_1_Subjects\NLP\Lab2\build.sbt. Using presentation compiler with project's scala-library version: 3.3.6
2025.09.25 12:08:10 INFO  no build target found for D:\University\5_1_Subjects\NLP\Lab2\build.sbt. Using presentation compiler with project's scala-library version: 3.3.6
2025.09.25 12:08:10 INFO  no build target found for D:\University\5_1_Subjects\NLP\Lab2\build.sbt. Using presentation compiler with project's scala-library version: 3.3.6
2025.09.25 12:08:10 INFO  no build target found for D:\University\5_1_Subjects\NLP\Lab2\build.sbt. Using presentation compiler with project's scala-library version: 3.3.6
2025.09.25 12:08:10 INFO  no build target found for D:\University\5_1_Subjects\NLP\Lab2\build.sbt. Using presentation compiler with project's scala-library version: 3.3.6
2025.09.25 12:08:11 INFO  no build target found for D:\University\5_1_Subjects\NLP\Lab2\build.sbt. Using presentation compiler with project's scala-library version: 3.3.6
2025.09.25 12:08:13 INFO  no build target found for D:\University\5_1_Subjects\NLP\Lab2\build.sbt. Using presentation compiler with project's scala-library version: 3.3.6
2025.09.25 12:08:13 INFO  no build target found for D:\University\5_1_Subjects\NLP\Lab2\build.sbt. Using presentation compiler with project's scala-library version: 3.3.6
2025.09.25 12:08:13 INFO  no build target found for D:\University\5_1_Subjects\NLP\Lab2\build.sbt. Using presentation compiler with project's scala-library version: 3.3.6
2025.09.25 12:08:13 INFO  no build target found for D:\University\5_1_Subjects\NLP\Lab2\build.sbt. Using presentation compiler with project's scala-library version: 3.3.6
2025.09.25 12:08:13 INFO  no build target found for D:\University\5_1_Subjects\NLP\Lab2\build.sbt. Using presentation compiler with project's scala-library version: 3.3.6
2025.09.25 12:08:13 INFO  no build target found for D:\University\5_1_Subjects\NLP\Lab2\build.sbt. Using presentation compiler with project's scala-library version: 3.3.6
2025.09.25 12:08:13 INFO  no build target found for D:\University\5_1_Subjects\NLP\Lab2\build.sbt. Using presentation compiler with project's scala-library version: 3.3.6
2025.09.25 12:08:14 INFO  no build target found for D:\University\5_1_Subjects\NLP\Lab2\build.sbt. Using presentation compiler with project's scala-library version: 3.3.6
2025.09.25 12:08:13 INFO  no build target found for D:\University\5_1_Subjects\NLP\Lab2\build.sbt. Using presentation compiler with project's scala-library version: 3.3.6
2025.09.25 12:08:14 INFO  no build target found for D:\University\5_1_Subjects\NLP\Lab2\build.sbt. Using presentation compiler with project's scala-library version: 3.3.6
2025.09.25 12:08:15 INFO  no build target found for D:\University\5_1_Subjects\NLP\Lab2\build.sbt. Using presentation compiler with project's scala-library version: 3.3.6
2025.09.25 12:08:36 INFO  no build target found for D:\University\5_1_Subjects\NLP\Lab2\build.sbt. Using presentation compiler with project's scala-library version: 3.3.6
2025.09.25 12:08:36 INFO  no build target found for D:\University\5_1_Subjects\NLP\Lab2\build.sbt. Using presentation compiler with project's scala-library version: 3.3.6
2025.09.25 12:08:38 INFO  no build target found for D:\University\5_1_Subjects\NLP\Lab2\build.sbt. Using presentation compiler with project's scala-library version: 3.3.6
2025.09.25 12:08:38 INFO  no build target found for D:\University\5_1_Subjects\NLP\Lab2\build.sbt. Using presentation compiler with project's scala-library version: 3.3.6
2025.09.25 12:08:38 INFO  no build target found for D:\University\5_1_Subjects\NLP\Lab2\build.sbt. Using presentation compiler with project's scala-library version: 3.3.6
2025.09.25 12:08:43 INFO  no build target found for D:\University\5_1_Subjects\NLP\Lab2\build.sbt. Using presentation compiler with project's scala-library version: 3.3.6
2025.09.25 12:08:43 INFO  no build target found for D:\University\5_1_Subjects\NLP\Lab2\build.sbt. Using presentation compiler with project's scala-library version: 3.3.6
2025.09.25 12:08:43 INFO  no build target found for D:\University\5_1_Subjects\NLP\Lab2\build.sbt. Using presentation compiler with project's scala-library version: 3.3.6
2025.09.25 12:08:46 INFO  no build target found for D:\University\5_1_Subjects\NLP\Lab2\build.sbt. Using presentation compiler with project's scala-library version: 3.3.6
2025.09.25 12:08:46 INFO  no build target found for D:\University\5_1_Subjects\NLP\Lab2\build.sbt. Using presentation compiler with project's scala-library version: 3.3.6
2025.09.25 12:08:46 INFO  no build target found for D:\University\5_1_Subjects\NLP\Lab2\build.sbt. Using presentation compiler with project's scala-library version: 3.3.6
2025.09.25 12:08:46 INFO  no build target found for D:\University\5_1_Subjects\NLP\Lab2\build.sbt. Using presentation compiler with project's scala-library version: 3.3.6
2025.09.25 12:08:46 INFO  no build target found for D:\University\5_1_Subjects\NLP\Lab2\build.sbt. Using presentation compiler with project's scala-library version: 3.3.6
2025.09.25 12:08:46 INFO  no build target found for D:\University\5_1_Subjects\NLP\Lab2\build.sbt. Using presentation compiler with project's scala-library version: 3.3.6
2025.09.25 12:08:46 INFO  no build target found for D:\University\5_1_Subjects\NLP\Lab2\build.sbt. Using presentation compiler with project's scala-library version: 3.3.6
2025.09.25 12:08:46 INFO  no build target found for D:\University\5_1_Subjects\NLP\Lab2\build.sbt. Using presentation compiler with project's scala-library version: 3.3.6
2025.09.25 12:08:46 INFO  no build target found for D:\University\5_1_Subjects\NLP\Lab2\build.sbt. Using presentation compiler with project's scala-library version: 3.3.6
2025.09.25 12:08:46 INFO  no build target found for D:\University\5_1_Subjects\NLP\Lab2\build.sbt. Using presentation compiler with project's scala-library version: 3.3.6
2025.09.25 12:08:46 INFO  no build target found for D:\University\5_1_Subjects\NLP\Lab2\build.sbt. Using presentation compiler with project's scala-library version: 3.3.6
2025.09.25 12:08:47 INFO  no build target found for D:\University\5_1_Subjects\NLP\Lab2\build.sbt. Using presentation compiler with project's scala-library version: 3.3.6
2025.09.25 12:08:47 INFO  no build target found for D:\University\5_1_Subjects\NLP\Lab2\build.sbt. Using presentation compiler with project's scala-library version: 3.3.6
2025.09.25 12:08:47 INFO  no build target found for D:\University\5_1_Subjects\NLP\Lab2\build.sbt. Using presentation compiler with project's scala-library version: 3.3.6
2025.09.25 12:08:47 INFO  no build target found for D:\University\5_1_Subjects\NLP\Lab2\build.sbt. Using presentation compiler with project's scala-library version: 3.3.6
2025.09.25 12:08:47 INFO  no build target found for D:\University\5_1_Subjects\NLP\Lab2\build.sbt. Using presentation compiler with project's scala-library version: 3.3.6
2025.09.25 12:08:47 INFO  no build target found for D:\University\5_1_Subjects\NLP\Lab2\build.sbt. Using presentation compiler with project's scala-library version: 3.3.6
2025.09.25 12:08:47 INFO  no build target found for D:\University\5_1_Subjects\NLP\Lab2\build.sbt. Using presentation compiler with project's scala-library version: 3.3.6
2025.09.25 12:08:48 INFO  no build target found for D:\University\5_1_Subjects\NLP\Lab2\build.sbt. Using presentation compiler with project's scala-library version: 3.3.6
2025.09.25 12:08:47 INFO  no build target found for D:\University\5_1_Subjects\NLP\Lab2\build.sbt. Using presentation compiler with project's scala-library version: 3.3.6
2025.09.25 12:08:48 INFO  no build target found for D:\University\5_1_Subjects\NLP\Lab2\build.sbt. Using presentation compiler with project's scala-library version: 3.3.6
2025.09.25 12:08:48 INFO  no build target found for D:\University\5_1_Subjects\NLP\Lab2\build.sbt. Using presentation compiler with project's scala-library version: 3.3.6
2025.09.25 12:08:48 INFO  no build target found for D:\University\5_1_Subjects\NLP\Lab2\build.sbt. Using presentation compiler with project's scala-library version: 3.3.6
2025.09.25 12:08:48 INFO  no build target found for D:\University\5_1_Subjects\NLP\Lab2\build.sbt. Using presentation compiler with project's scala-library version: 3.3.6
2025.09.25 12:08:48 INFO  no build target found for D:\University\5_1_Subjects\NLP\Lab2\build.sbt. Using presentation compiler with project's scala-library version: 3.3.6
2025.09.25 12:08:49 INFO  no build target found for D:\University\5_1_Subjects\NLP\Lab2\build.sbt. Using presentation compiler with project's scala-library version: 3.3.6
2025.09.25 12:08:48 INFO  no build target found for D:\University\5_1_Subjects\NLP\Lab2\build.sbt. Using presentation compiler with project's scala-library version: 3.3.6
2025.09.25 12:08:48 INFO  no build target found for D:\University\5_1_Subjects\NLP\Lab2\build.sbt. Using presentation compiler with project's scala-library version: 3.3.6
2025.09.25 12:08:48 INFO  no build target found for D:\University\5_1_Subjects\NLP\Lab2\build.sbt. Using presentation compiler with project's scala-library version: 3.3.6
2025.09.25 12:08:48 INFO  no build target found for D:\University\5_1_Subjects\NLP\Lab2\build.sbt. Using presentation compiler with project's scala-library version: 3.3.6
2025.09.25 12:08:48 INFO  no build target found for D:\University\5_1_Subjects\NLP\Lab2\build.sbt. Using presentation compiler with project's scala-library version: 3.3.6
2025.09.25 12:08:49 INFO  no build target found for D:\University\5_1_Subjects\NLP\Lab2\build.sbt. Using presentation compiler with project's scala-library version: 3.3.6
2025.09.25 12:08:49 INFO  no build target found for D:\University\5_1_Subjects\NLP\Lab2\build.sbt. Using presentation compiler with project's scala-library version: 3.3.6
2025.09.25 12:08:49 INFO  no build target found for D:\University\5_1_Subjects\NLP\Lab2\build.sbt. Using presentation compiler with project's scala-library version: 3.3.6
2025.09.25 12:08:49 INFO  no build target found for D:\University\5_1_Subjects\NLP\Lab2\build.sbt. Using presentation compiler with project's scala-library version: 3.3.6
2025.09.25 12:08:49 INFO  no build target found for D:\University\5_1_Subjects\NLP\Lab2\build.sbt. Using presentation compiler with project's scala-library version: 3.3.6
2025.09.25 12:08:50 INFO  no build target found for D:\University\5_1_Subjects\NLP\Lab2\build.sbt. Using presentation compiler with project's scala-library version: 3.3.6
2025.09.25 12:08:49 INFO  no build target found for D:\University\5_1_Subjects\NLP\Lab2\build.sbt. Using presentation compiler with project's scala-library version: 3.3.6
2025.09.25 12:08:49 INFO  no build target found for D:\University\5_1_Subjects\NLP\Lab2\build.sbt. Using presentation compiler with project's scala-library version: 3.3.6
2025.09.25 12:08:50 INFO  no build target found for D:\University\5_1_Subjects\NLP\Lab2\build.sbt. Using presentation compiler with project's scala-library version: 3.3.6
2025.09.25 12:08:50 INFO  no build target found for D:\University\5_1_Subjects\NLP\Lab2\build.sbt. Using presentation compiler with project's scala-library version: 3.3.6
2025.09.25 12:08:50 INFO  no build target found for D:\University\5_1_Subjects\NLP\Lab2\build.sbt. Using presentation compiler with project's scala-library version: 3.3.6
2025.09.25 12:08:50 INFO  no build target found for D:\University\5_1_Subjects\NLP\Lab2\build.sbt. Using presentation compiler with project's scala-library version: 3.3.6
2025.09.25 12:08:50 INFO  no build target found for D:\University\5_1_Subjects\NLP\Lab2\build.sbt. Using presentation compiler with project's scala-library version: 3.3.6
2025.09.25 12:08:50 INFO  no build target found for D:\University\5_1_Subjects\NLP\Lab2\build.sbt. Using presentation compiler with project's scala-library version: 3.3.6
2025.09.25 12:08:51 INFO  no build target found for D:\University\5_1_Subjects\NLP\Lab2\build.sbt. Using presentation compiler with project's scala-library version: 3.3.6
2025.09.25 12:08:51 INFO  no build target found for D:\University\5_1_Subjects\NLP\Lab2\build.sbt. Using presentation compiler with project's scala-library version: 3.3.6
2025.09.25 12:08:51 INFO  no build target found for D:\University\5_1_Subjects\NLP\Lab2\build.sbt. Using presentation compiler with project's scala-library version: 3.3.6
2025.09.25 12:08:51 INFO  no build target found for D:\University\5_1_Subjects\NLP\Lab2\build.sbt. Using presentation compiler with project's scala-library version: 3.3.6
2025.09.25 12:08:51 INFO  no build target found for D:\University\5_1_Subjects\NLP\Lab2\build.sbt. Using presentation compiler with project's scala-library version: 3.3.6
2025.09.25 12:08:51 INFO  no build target found for D:\University\5_1_Subjects\NLP\Lab2\build.sbt. Using presentation compiler with project's scala-library version: 3.3.6
2025.09.25 12:08:51 INFO  no build target found for D:\University\5_1_Subjects\NLP\Lab2\build.sbt. Using presentation compiler with project's scala-library version: 3.3.6
2025.09.25 12:08:51 INFO  no build target found for D:\University\5_1_Subjects\NLP\Lab2\build.sbt. Using presentation compiler with project's scala-library version: 3.3.6
2025.09.25 12:08:51 INFO  no build target found for D:\University\5_1_Subjects\NLP\Lab2\build.sbt. Using presentation compiler with project's scala-library version: 3.3.6
2025.09.25 12:08:51 INFO  no build target found for D:\University\5_1_Subjects\NLP\Lab2\build.sbt. Using presentation compiler with project's scala-library version: 3.3.6
2025.09.25 12:08:53 INFO  no build target found for D:\University\5_1_Subjects\NLP\Lab2\build.sbt. Using presentation compiler with project's scala-library version: 3.3.6
2025.09.25 12:08:53 INFO  no build target found for D:\University\5_1_Subjects\NLP\Lab2\build.sbt. Using presentation compiler with project's scala-library version: 3.3.6
2025.09.25 12:08:53 INFO  no build target found for D:\University\5_1_Subjects\NLP\Lab2\build.sbt. Using presentation compiler with project's scala-library version: 3.3.6
2025.09.25 12:08:53 INFO  no build target found for D:\University\5_1_Subjects\NLP\Lab2\build.sbt. Using presentation compiler with project's scala-library version: 3.3.6
2025.09.25 12:08:53 INFO  no build target found for D:\University\5_1_Subjects\NLP\Lab2\build.sbt. Using presentation compiler with project's scala-library version: 3.3.6
2025.09.25 12:08:54 INFO  no build target found for D:\University\5_1_Subjects\NLP\Lab2\build.sbt. Using presentation compiler with project's scala-library version: 3.3.6
2025.09.25 12:08:55 INFO  no build target found for D:\University\5_1_Subjects\NLP\Lab2\build.sbt. Using presentation compiler with project's scala-library version: 3.3.6
2025.09.25 12:08:55 INFO  no build target found for D:\University\5_1_Subjects\NLP\Lab2\build.sbt. Using presentation compiler with project's scala-library version: 3.3.6
2025.09.25 12:08:54 INFO  no build target found for D:\University\5_1_Subjects\NLP\Lab2\build.sbt. Using presentation compiler with project's scala-library version: 3.3.6
2025.09.25 12:08:54 INFO  no build target found for D:\University\5_1_Subjects\NLP\Lab2\build.sbt. Using presentation compiler with project's scala-library version: 3.3.6
2025.09.25 12:08:55 INFO  no build target found for D:\University\5_1_Subjects\NLP\Lab2\build.sbt. Using presentation compiler with project's scala-library version: 3.3.6
2025.09.25 12:08:55 INFO  no build target found for D:\University\5_1_Subjects\NLP\Lab2\build.sbt. Using presentation compiler with project's scala-library version: 3.3.6
2025.09.25 12:08:56 INFO  no build target found for D:\University\5_1_Subjects\NLP\Lab2\build.sbt. Using presentation compiler with project's scala-library version: 3.3.6
2025.09.25 12:08:56 INFO  no build target found for D:\University\5_1_Subjects\NLP\Lab2\build.sbt. Using presentation compiler with project's scala-library version: 3.3.6
2025.09.25 12:08:56 INFO  no build target found for D:\University\5_1_Subjects\NLP\Lab2\build.sbt. Using presentation compiler with project's scala-library version: 3.3.6
2025.09.25 12:08:57 INFO  no build target found for D:\University\5_1_Subjects\NLP\Lab2\build.sbt. Using presentation compiler with project's scala-library version: 3.3.6
2025.09.25 12:08:57 INFO  no build target found for D:\University\5_1_Subjects\NLP\Lab2\build.sbt. Using presentation compiler with project's scala-library version: 3.3.6
2025.09.25 12:08:57 INFO  no build target found for D:\University\5_1_Subjects\NLP\Lab2\build.sbt. Using presentation compiler with project's scala-library version: 3.3.6
2025.09.25 12:08:57 INFO  no build target found for D:\University\5_1_Subjects\NLP\Lab2\build.sbt. Using presentation compiler with project's scala-library version: 3.3.6
2025.09.25 12:08:57 INFO  no build target found for D:\University\5_1_Subjects\NLP\Lab2\build.sbt. Using presentation compiler with project's scala-library version: 3.3.6
2025.09.25 12:08:59 INFO  no build target found for D:\University\5_1_Subjects\NLP\Lab2\build.sbt. Using presentation compiler with project's scala-library version: 3.3.6
2025.09.25 12:08:59 INFO  no build target found for D:\University\5_1_Subjects\NLP\Lab2\build.sbt. Using presentation compiler with project's scala-library version: 3.3.6
2025.09.25 12:08:59 INFO  no build target found for D:\University\5_1_Subjects\NLP\Lab2\build.sbt. Using presentation compiler with project's scala-library version: 3.3.6
2025.09.25 12:08:59 INFO  no build target found for D:\University\5_1_Subjects\NLP\Lab2\build.sbt. Using presentation compiler with project's scala-library version: 3.3.6
2025.09.25 12:08:59 INFO  no build target found for D:\University\5_1_Subjects\NLP\Lab2\build.sbt. Using presentation compiler with project's scala-library version: 3.3.6
2025.09.25 12:08:59 INFO  no build target found for D:\University\5_1_Subjects\NLP\Lab2\build.sbt. Using presentation compiler with project's scala-library version: 3.3.6
2025.09.25 12:08:59 INFO  no build target found for D:\University\5_1_Subjects\NLP\Lab2\build.sbt. Using presentation compiler with project's scala-library version: 3.3.6
2025.09.25 12:08:59 INFO  no build target found for D:\University\5_1_Subjects\NLP\Lab2\build.sbt. Using presentation compiler with project's scala-library version: 3.3.6
2025.09.25 12:08:59 INFO  no build target found for D:\University\5_1_Subjects\NLP\Lab2\build.sbt. Using presentation compiler with project's scala-library version: 3.3.6
2025.09.25 12:08:59 INFO  no build target found for D:\University\5_1_Subjects\NLP\Lab2\build.sbt. Using presentation compiler with project's scala-library version: 3.3.6
2025.09.25 12:08:59 INFO  no build target found for D:\University\5_1_Subjects\NLP\Lab2\build.sbt. Using presentation compiler with project's scala-library version: 3.3.6
2025.09.25 12:08:59 INFO  no build target found for D:\University\5_1_Subjects\NLP\Lab2\build.sbt. Using presentation compiler with project's scala-library version: 3.3.6
2025.09.25 12:09:03 INFO  no build target found for D:\University\5_1_Subjects\NLP\Lab2\build.sbt. Using presentation compiler with project's scala-library version: 3.3.6
2025.09.25 12:09:03 INFO  no build target found for D:\University\5_1_Subjects\NLP\Lab2\build.sbt. Using presentation compiler with project's scala-library version: 3.3.6
2025.09.25 12:09:03 INFO  no build target found for D:\University\5_1_Subjects\NLP\Lab2\build.sbt. Using presentation compiler with project's scala-library version: 3.3.6
2025.09.25 12:09:04 INFO  no build target found for D:\University\5_1_Subjects\NLP\Lab2\build.sbt. Using presentation compiler with project's scala-library version: 3.3.6
2025.09.25 12:09:04 INFO  no build target found for D:\University\5_1_Subjects\NLP\Lab2\build.sbt. Using presentation compiler with project's scala-library version: 3.3.6
2025.09.25 12:09:03 INFO  no build target found for D:\University\5_1_Subjects\NLP\Lab2\build.sbt. Using presentation compiler with project's scala-library version: 3.3.6
2025.09.25 12:09:03 INFO  no build target found for D:\University\5_1_Subjects\NLP\Lab2\build.sbt. Using presentation compiler with project's scala-library version: 3.3.6
2025.09.25 12:09:04 INFO  no build target found for D:\University\5_1_Subjects\NLP\Lab2\build.sbt. Using presentation compiler with project's scala-library version: 3.3.6
2025.09.25 12:09:04 INFO  no build target found for D:\University\5_1_Subjects\NLP\Lab2\build.sbt. Using presentation compiler with project's scala-library version: 3.3.6
2025.09.25 12:09:05 INFO  no build target found for D:\University\5_1_Subjects\NLP\Lab2\build.sbt. Using presentation compiler with project's scala-library version: 3.3.6
2025.09.25 12:09:05 INFO  no build target found for D:\University\5_1_Subjects\NLP\Lab2\build.sbt. Using presentation compiler with project's scala-library version: 3.3.6
2025.09.25 12:09:05 INFO  no build target found for D:\University\5_1_Subjects\NLP\Lab2\build.sbt. Using presentation compiler with project's scala-library version: 3.3.6
2025.09.25 12:09:10 INFO  no build target found for D:\University\5_1_Subjects\NLP\Lab2\build.sbt. Using presentation compiler with project's scala-library version: 3.3.6
2025.09.25 12:09:10 INFO  no build target found for D:\University\5_1_Subjects\NLP\Lab2\build.sbt. Using presentation compiler with project's scala-library version: 3.3.6
2025.09.25 12:09:10 INFO  no build target found for D:\University\5_1_Subjects\NLP\Lab2\build.sbt. Using presentation compiler with project's scala-library version: 3.3.6
2025.09.25 12:09:10 INFO  no build target found for D:\University\5_1_Subjects\NLP\Lab2\build.sbt. Using presentation compiler with project's scala-library version: 3.3.6
2025.09.25 12:09:12 INFO  no build target found for D:\University\5_1_Subjects\NLP\Lab2\build.sbt. Using presentation compiler with project's scala-library version: 3.3.6
2025.09.25 12:09:12 INFO  no build target found for D:\University\5_1_Subjects\NLP\Lab2\build.sbt. Using presentation compiler with project's scala-library version: 3.3.6
2025.09.25 12:09:12 INFO  no build target found for D:\University\5_1_Subjects\NLP\Lab2\build.sbt. Using presentation compiler with project's scala-library version: 3.3.6
2025.09.25 12:09:13 INFO  no build target found for D:\University\5_1_Subjects\NLP\Lab2\build.sbt. Using presentation compiler with project's scala-library version: 3.3.6
2025.09.25 12:09:12 INFO  no build target found for D:\University\5_1_Subjects\NLP\Lab2\build.sbt. Using presentation compiler with project's scala-library version: 3.3.6
2025.09.25 12:09:12 INFO  no build target found for D:\University\5_1_Subjects\NLP\Lab2\build.sbt. Using presentation compiler with project's scala-library version: 3.3.6
2025.09.25 12:09:13 INFO  no build target found for D:\University\5_1_Subjects\NLP\Lab2\build.sbt. Using presentation compiler with project's scala-library version: 3.3.6
2025.09.25 12:09:12 INFO  no build target found for D:\University\5_1_Subjects\NLP\Lab2\build.sbt. Using presentation compiler with project's scala-library version: 3.3.6
2025.09.25 12:09:13 INFO  no build target found for D:\University\5_1_Subjects\NLP\Lab2\build.sbt. Using presentation compiler with project's scala-library version: 3.3.6
2025.09.25 12:09:14 INFO  no build target found for D:\University\5_1_Subjects\NLP\Lab2\build.sbt. Using presentation compiler with project's scala-library version: 3.3.6
2025.09.25 12:09:14 INFO  no build target found for D:\University\5_1_Subjects\NLP\Lab2\build.sbt. Using presentation compiler with project's scala-library version: 3.3.6
2025.09.25 12:09:14 INFO  no build target found for D:\University\5_1_Subjects\NLP\Lab2\build.sbt. Using presentation compiler with project's scala-library version: 3.3.6
2025.09.25 12:09:14 INFO  no build target found for D:\University\5_1_Subjects\NLP\Lab2\build.sbt. Using presentation compiler with project's scala-library version: 3.3.6
2025.09.25 12:09:15 INFO  no build target found for D:\University\5_1_Subjects\NLP\Lab2\build.sbt. Using presentation compiler with project's scala-library version: 3.3.6
2025.09.25 12:09:15 INFO  no build target found for D:\University\5_1_Subjects\NLP\Lab2\build.sbt. Using presentation compiler with project's scala-library version: 3.3.6
2025.09.25 12:09:15 INFO  no build target found for D:\University\5_1_Subjects\NLP\Lab2\build.sbt. Using presentation compiler with project's scala-library version: 3.3.6
2025.09.25 12:09:16 INFO  no build target found for D:\University\5_1_Subjects\NLP\Lab2\build.sbt. Using presentation compiler with project's scala-library version: 3.3.6
2025.09.25 12:09:15 INFO  no build target found for D:\University\5_1_Subjects\NLP\Lab2\build.sbt. Using presentation compiler with project's scala-library version: 3.3.6
2025.09.25 12:09:15 INFO  no build target found for D:\University\5_1_Subjects\NLP\Lab2\build.sbt. Using presentation compiler with project's scala-library version: 3.3.6
2025.09.25 12:09:16 INFO  no build target found for D:\University\5_1_Subjects\NLP\Lab2\build.sbt. Using presentation compiler with project's scala-library version: 3.3.6
2025.09.25 12:09:15 INFO  no build target found for D:\University\5_1_Subjects\NLP\Lab2\build.sbt. Using presentation compiler with project's scala-library version: 3.3.6
2025.09.25 12:09:16 INFO  no build target found for D:\University\5_1_Subjects\NLP\Lab2\build.sbt. Using presentation compiler with project's scala-library version: 3.3.6
2025.09.25 12:09:20 INFO  no build target found for D:\University\5_1_Subjects\NLP\Lab2\build.sbt. Using presentation compiler with project's scala-library version: 3.3.6
2025.09.25 12:09:20 INFO  no build target found for D:\University\5_1_Subjects\NLP\Lab2\build.sbt. Using presentation compiler with project's scala-library version: 3.3.6
2025.09.25 12:09:20 INFO  no build target found for D:\University\5_1_Subjects\NLP\Lab2\build.sbt. Using presentation compiler with project's scala-library version: 3.3.6
2025.09.25 12:09:20 INFO  no build target found for D:\University\5_1_Subjects\NLP\Lab2\build.sbt. Using presentation compiler with project's scala-library version: 3.3.6
2025.09.25 12:09:20 INFO  no build target found for D:\University\5_1_Subjects\NLP\Lab2\build.sbt. Using presentation compiler with project's scala-library version: 3.3.6
2025.09.25 12:09:20 INFO  no build target found for D:\University\5_1_Subjects\NLP\Lab2\build.sbt. Using presentation compiler with project's scala-library version: 3.3.6
2025.09.25 12:09:20 INFO  no build target found for D:\University\5_1_Subjects\NLP\Lab2\build.sbt. Using presentation compiler with project's scala-library version: 3.3.6
2025.09.25 12:09:20 INFO  no build target found for D:\University\5_1_Subjects\NLP\Lab2\build.sbt. Using presentation compiler with project's scala-library version: 3.3.6
2025.09.25 12:09:21 INFO  no build target found for D:\University\5_1_Subjects\NLP\Lab2\build.sbt. Using presentation compiler with project's scala-library version: 3.3.6
2025.09.25 12:09:20 INFO  no build target found for D:\University\5_1_Subjects\NLP\Lab2\build.sbt. Using presentation compiler with project's scala-library version: 3.3.6
2025.09.25 12:09:21 INFO  no build target found for D:\University\5_1_Subjects\NLP\Lab2\build.sbt. Using presentation compiler with project's scala-library version: 3.3.6
2025.09.25 12:09:23 INFO  no build target found for D:\University\5_1_Subjects\NLP\Lab2\build.sbt. Using presentation compiler with project's scala-library version: 3.3.6
2025.09.25 12:09:23 INFO  no build target found for D:\University\5_1_Subjects\NLP\Lab2\build.sbt. Using presentation compiler with project's scala-library version: 3.3.6
2025.09.25 12:09:23 INFO  no build target found for D:\University\5_1_Subjects\NLP\Lab2\build.sbt. Using presentation compiler with project's scala-library version: 3.3.6
2025.09.25 12:09:23 INFO  no build target found for D:\University\5_1_Subjects\NLP\Lab2\build.sbt. Using presentation compiler with project's scala-library version: 3.3.6
2025.09.25 12:09:23 INFO  no build target found for D:\University\5_1_Subjects\NLP\Lab2\build.sbt. Using presentation compiler with project's scala-library version: 3.3.6
2025.09.25 12:09:23 INFO  no build target found for D:\University\5_1_Subjects\NLP\Lab2\build.sbt. Using presentation compiler with project's scala-library version: 3.3.6
2025.09.25 12:09:23 INFO  no build target found for D:\University\5_1_Subjects\NLP\Lab2\build.sbt. Using presentation compiler with project's scala-library version: 3.3.6
2025.09.25 12:09:23 INFO  no build target found for D:\University\5_1_Subjects\NLP\Lab2\build.sbt. Using presentation compiler with project's scala-library version: 3.3.6
2025.09.25 12:09:23 INFO  no build target found for D:\University\5_1_Subjects\NLP\Lab2\build.sbt. Using presentation compiler with project's scala-library version: 3.3.6
2025.09.25 12:09:23 INFO  no build target found for D:\University\5_1_Subjects\NLP\Lab2\build.sbt. Using presentation compiler with project's scala-library version: 3.3.6
2025.09.25 12:09:23 INFO  no build target found for D:\University\5_1_Subjects\NLP\Lab2\build.sbt. Using presentation compiler with project's scala-library version: 3.3.6
2025.09.25 12:09:23 INFO  no build target found for D:\University\5_1_Subjects\NLP\Lab2\build.sbt. Using presentation compiler with project's scala-library version: 3.3.6
2025.09.25 12:09:23 INFO  no build target found for D:\University\5_1_Subjects\NLP\Lab2\build.sbt. Using presentation compiler with project's scala-library version: 3.3.6
2025.09.25 12:09:24 INFO  no build target found for D:\University\5_1_Subjects\NLP\Lab2\build.sbt. Using presentation compiler with project's scala-library version: 3.3.6
2025.09.25 12:09:24 INFO  no build target found for D:\University\5_1_Subjects\NLP\Lab2\build.sbt. Using presentation compiler with project's scala-library version: 3.3.6
2025.09.25 12:09:25 INFO  no build target found for D:\University\5_1_Subjects\NLP\Lab2\build.sbt. Using presentation compiler with project's scala-library version: 3.3.6
2025.09.25 12:09:25 INFO  no build target found for D:\University\5_1_Subjects\NLP\Lab2\build.sbt. Using presentation compiler with project's scala-library version: 3.3.6
2025.09.25 12:09:24 INFO  no build target found for D:\University\5_1_Subjects\NLP\Lab2\build.sbt. Using presentation compiler with project's scala-library version: 3.3.6
2025.09.25 12:09:24 INFO  no build target found for D:\University\5_1_Subjects\NLP\Lab2\build.sbt. Using presentation compiler with project's scala-library version: 3.3.6
2025.09.25 12:09:24 INFO  no build target found for D:\University\5_1_Subjects\NLP\Lab2\build.sbt. Using presentation compiler with project's scala-library version: 3.3.6
2025.09.25 12:09:24 INFO  no build target found for D:\University\5_1_Subjects\NLP\Lab2\build.sbt. Using presentation compiler with project's scala-library version: 3.3.6
2025.09.25 12:09:25 INFO  no build target found for D:\University\5_1_Subjects\NLP\Lab2\build.sbt. Using presentation compiler with project's scala-library version: 3.3.6
2025.09.25 12:09:25 INFO  no build target found for D:\University\5_1_Subjects\NLP\Lab2\build.sbt. Using presentation compiler with project's scala-library version: 3.3.6
2025.09.25 12:09:24 INFO  no build target found for D:\University\5_1_Subjects\NLP\Lab2\build.sbt. Using presentation compiler with project's scala-library version: 3.3.6
2025.09.25 12:09:27 INFO  no build target found for D:\University\5_1_Subjects\NLP\Lab2\build.sbt. Using presentation compiler with project's scala-library version: 3.3.6
2025.09.25 12:09:27 INFO  no build target found for D:\University\5_1_Subjects\NLP\Lab2\build.sbt. Using presentation compiler with project's scala-library version: 3.3.6
2025.09.25 12:09:27 INFO  no build target found for D:\University\5_1_Subjects\NLP\Lab2\build.sbt. Using presentation compiler with project's scala-library version: 3.3.6
2025.09.25 12:09:27 INFO  no build target found for D:\University\5_1_Subjects\NLP\Lab2\build.sbt. Using presentation compiler with project's scala-library version: 3.3.6
2025.09.25 12:09:27 INFO  no build target found for D:\University\5_1_Subjects\NLP\Lab2\build.sbt. Using presentation compiler with project's scala-library version: 3.3.6
2025.09.25 12:09:27 INFO  no build target found for D:\University\5_1_Subjects\NLP\Lab2\build.sbt. Using presentation compiler with project's scala-library version: 3.3.6
2025.09.25 12:09:27 INFO  no build target found for D:\University\5_1_Subjects\NLP\Lab2\build.sbt. Using presentation compiler with project's scala-library version: 3.3.6
2025.09.25 12:09:27 INFO  no build target found for D:\University\5_1_Subjects\NLP\Lab2\build.sbt. Using presentation compiler with project's scala-library version: 3.3.6
2025.09.25 12:09:27 INFO  no build target found for D:\University\5_1_Subjects\NLP\Lab2\build.sbt. Using presentation compiler with project's scala-library version: 3.3.6
2025.09.25 12:09:27 INFO  no build target found for D:\University\5_1_Subjects\NLP\Lab2\build.sbt. Using presentation compiler with project's scala-library version: 3.3.6
2025.09.25 12:09:28 INFO  no build target found for D:\University\5_1_Subjects\NLP\Lab2\build.sbt. Using presentation compiler with project's scala-library version: 3.3.6
2025.09.25 12:09:27 INFO  no build target found for D:\University\5_1_Subjects\NLP\Lab2\build.sbt. Using presentation compiler with project's scala-library version: 3.3.6
2025.09.25 12:09:28 INFO  no build target found for D:\University\5_1_Subjects\NLP\Lab2\build.sbt. Using presentation compiler with project's scala-library version: 3.3.6
2025.09.25 12:09:32 INFO  no build target found for D:\University\5_1_Subjects\NLP\Lab2\build.sbt. Using presentation compiler with project's scala-library version: 3.3.6
2025.09.25 12:09:32 INFO  no build target found for D:\University\5_1_Subjects\NLP\Lab2\build.sbt. Using presentation compiler with project's scala-library version: 3.3.6
2025.09.25 12:09:32 INFO  no build target found for D:\University\5_1_Subjects\NLP\Lab2\build.sbt. Using presentation compiler with project's scala-library version: 3.3.6
2025.09.25 12:09:32 INFO  no build target found for D:\University\5_1_Subjects\NLP\Lab2\build.sbt. Using presentation compiler with project's scala-library version: 3.3.6
2025.09.25 12:09:32 INFO  no build target found for D:\University\5_1_Subjects\NLP\Lab2\build.sbt. Using presentation compiler with project's scala-library version: 3.3.6
2025.09.25 12:09:32 INFO  no build target found for D:\University\5_1_Subjects\NLP\Lab2\build.sbt. Using presentation compiler with project's scala-library version: 3.3.6
2025.09.25 12:09:32 INFO  no build target found for D:\University\5_1_Subjects\NLP\Lab2\build.sbt. Using presentation compiler with project's scala-library version: 3.3.6
2025.09.25 12:09:32 INFO  no build target found for D:\University\5_1_Subjects\NLP\Lab2\build.sbt. Using presentation compiler with project's scala-library version: 3.3.6
2025.09.25 12:09:32 INFO  no build target found for D:\University\5_1_Subjects\NLP\Lab2\build.sbt. Using presentation compiler with project's scala-library version: 3.3.6
2025.09.25 12:09:32 INFO  no build target found for D:\University\5_1_Subjects\NLP\Lab2\build.sbt. Using presentation compiler with project's scala-library version: 3.3.6
2025.09.25 12:09:33 INFO  no build target found for D:\University\5_1_Subjects\NLP\Lab2\build.sbt. Using presentation compiler with project's scala-library version: 3.3.6
2025.09.25 12:09:32 INFO  no build target found for D:\University\5_1_Subjects\NLP\Lab2\build.sbt. Using presentation compiler with project's scala-library version: 3.3.6
2025.09.25 12:09:33 INFO  no build target found for D:\University\5_1_Subjects\NLP\Lab2\build.sbt. Using presentation compiler with project's scala-library version: 3.3.6
2025.09.25 12:09:37 INFO  no build target found for D:\University\5_1_Subjects\NLP\Lab2\build.sbt. Using presentation compiler with project's scala-library version: 3.3.6
2025.09.25 12:09:37 INFO  no build target found for D:\University\5_1_Subjects\NLP\Lab2\build.sbt. Using presentation compiler with project's scala-library version: 3.3.6
2025.09.25 12:09:37 INFO  no build target found for D:\University\5_1_Subjects\NLP\Lab2\build.sbt. Using presentation compiler with project's scala-library version: 3.3.6
2025.09.25 12:09:37 INFO  no build target found for D:\University\5_1_Subjects\NLP\Lab2\build.sbt. Using presentation compiler with project's scala-library version: 3.3.6
2025.09.25 12:09:37 INFO  no build target found for D:\University\5_1_Subjects\NLP\Lab2\build.sbt. Using presentation compiler with project's scala-library version: 3.3.6
2025.09.25 12:09:37 INFO  no build target found for D:\University\5_1_Subjects\NLP\Lab2\build.sbt. Using presentation compiler with project's scala-library version: 3.3.6
2025.09.25 12:09:38 INFO  no build target found for D:\University\5_1_Subjects\NLP\Lab2\build.sbt. Using presentation compiler with project's scala-library version: 3.3.6
2025.09.25 12:09:38 INFO  no build target found for D:\University\5_1_Subjects\NLP\Lab2\build.sbt. Using presentation compiler with project's scala-library version: 3.3.6
2025.09.25 12:09:38 INFO  no build target found for D:\University\5_1_Subjects\NLP\Lab2\build.sbt. Using presentation compiler with project's scala-library version: 3.3.6
2025.09.25 12:09:38 INFO  no build target found for D:\University\5_1_Subjects\NLP\Lab2\build.sbt. Using presentation compiler with project's scala-library version: 3.3.6
2025.09.25 12:09:38 INFO  no build target found for D:\University\5_1_Subjects\NLP\Lab2\build.sbt. Using presentation compiler with project's scala-library version: 3.3.6
2025.09.25 12:09:38 INFO  no build target found for D:\University\5_1_Subjects\NLP\Lab2\build.sbt. Using presentation compiler with project's scala-library version: 3.3.6
2025.09.25 12:09:38 INFO  no build target found for D:\University\5_1_Subjects\NLP\Lab2\build.sbt. Using presentation compiler with project's scala-library version: 3.3.6
2025.09.25 12:09:38 INFO  no build target found for D:\University\5_1_Subjects\NLP\Lab2\build.sbt. Using presentation compiler with project's scala-library version: 3.3.6
2025.09.25 12:09:38 INFO  no build target found for D:\University\5_1_Subjects\NLP\Lab2\build.sbt. Using presentation compiler with project's scala-library version: 3.3.6
2025.09.25 12:09:38 INFO  no build target found for D:\University\5_1_Subjects\NLP\Lab2\build.sbt. Using presentation compiler with project's scala-library version: 3.3.6
2025.09.25 12:09:38 INFO  no build target found for D:\University\5_1_Subjects\NLP\Lab2\build.sbt. Using presentation compiler with project's scala-library version: 3.3.6
2025.09.25 12:09:38 INFO  no build target found for D:\University\5_1_Subjects\NLP\Lab2\build.sbt. Using presentation compiler with project's scala-library version: 3.3.6
2025.09.25 12:09:39 INFO  no build target found for D:\University\5_1_Subjects\NLP\Lab2\build.sbt. Using presentation compiler with project's scala-library version: 3.3.6
2025.09.25 12:09:42 INFO  no build target found for D:\University\5_1_Subjects\NLP\Lab2\build.sbt. Using presentation compiler with project's scala-library version: 3.3.6
2025.09.25 12:09:42 INFO  no build target found for D:\University\5_1_Subjects\NLP\Lab2\build.sbt. Using presentation compiler with project's scala-library version: 3.3.6
2025.09.25 12:09:43 INFO  no build target found for D:\University\5_1_Subjects\NLP\Lab2\build.sbt. Using presentation compiler with project's scala-library version: 3.3.6
2025.09.25 12:09:43 INFO  no build target found for D:\University\5_1_Subjects\NLP\Lab2\build.sbt. Using presentation compiler with project's scala-library version: 3.3.6
2025.09.25 12:09:44 INFO  no build target found for D:\University\5_1_Subjects\NLP\Lab2\build.sbt. Using presentation compiler with project's scala-library version: 3.3.6
2025.09.25 12:09:44 INFO  no build target found for D:\University\5_1_Subjects\NLP\Lab2\build.sbt. Using presentation compiler with project's scala-library version: 3.3.6
2025.09.25 12:09:43 INFO  no build target found for D:\University\5_1_Subjects\NLP\Lab2\build.sbt. Using presentation compiler with project's scala-library version: 3.3.6
2025.09.25 12:09:43 INFO  no build target found for D:\University\5_1_Subjects\NLP\Lab2\build.sbt. Using presentation compiler with project's scala-library version: 3.3.6
2025.09.25 12:09:45 INFO  no build target found for D:\University\5_1_Subjects\NLP\Lab2\build.sbt. Using presentation compiler with project's scala-library version: 3.3.6
2025.09.25 12:09:45 INFO  no build target found for D:\University\5_1_Subjects\NLP\Lab2\build.sbt. Using presentation compiler with project's scala-library version: 3.3.6
2025.09.25 12:09:44 INFO  no build target found for D:\University\5_1_Subjects\NLP\Lab2\build.sbt. Using presentation compiler with project's scala-library version: 3.3.6
2025.09.25 12:09:45 INFO  no build target found for D:\University\5_1_Subjects\NLP\Lab2\build.sbt. Using presentation compiler with project's scala-library version: 3.3.6
2025.09.25 12:09:44 INFO  no build target found for D:\University\5_1_Subjects\NLP\Lab2\build.sbt. Using presentation compiler with project's scala-library version: 3.3.6
2025.09.25 12:09:45 INFO  no build target found for D:\University\5_1_Subjects\NLP\Lab2\build.sbt. Using presentation compiler with project's scala-library version: 3.3.6
2025.09.25 12:09:45 INFO  no build target found for D:\University\5_1_Subjects\NLP\Lab2\build.sbt. Using presentation compiler with project's scala-library version: 3.3.6
2025.09.25 12:09:45 INFO  no build target found for D:\University\5_1_Subjects\NLP\Lab2\build.sbt. Using presentation compiler with project's scala-library version: 3.3.6
2025.09.25 12:09:45 INFO  no build target found for D:\University\5_1_Subjects\NLP\Lab2\build.sbt. Using presentation compiler with project's scala-library version: 3.3.6
2025.09.25 12:09:45 INFO  no build target found for D:\University\5_1_Subjects\NLP\Lab2\build.sbt. Using presentation compiler with project's scala-library version: 3.3.6
2025.09.25 12:09:46 INFO  no build target found for D:\University\5_1_Subjects\NLP\Lab2\build.sbt. Using presentation compiler with project's scala-library version: 3.3.6
2025.09.25 12:09:46 INFO  no build target found for D:\University\5_1_Subjects\NLP\Lab2\build.sbt. Using presentation compiler with project's scala-library version: 3.3.6
2025.09.25 12:09:46 INFO  no build target found for D:\University\5_1_Subjects\NLP\Lab2\build.sbt. Using presentation compiler with project's scala-library version: 3.3.6
2025.09.25 12:09:48 INFO  no build target found for D:\University\5_1_Subjects\NLP\Lab2\build.sbt. Using presentation compiler with project's scala-library version: 3.3.6
2025.09.25 12:09:48 INFO  no build target found for D:\University\5_1_Subjects\NLP\Lab2\build.sbt. Using presentation compiler with project's scala-library version: 3.3.6
2025.09.25 12:09:48 INFO  no build target found for D:\University\5_1_Subjects\NLP\Lab2\build.sbt. Using presentation compiler with project's scala-library version: 3.3.6
2025.09.25 12:09:48 INFO  no build target found for D:\University\5_1_Subjects\NLP\Lab2\build.sbt. Using presentation compiler with project's scala-library version: 3.3.6
2025.09.25 12:09:48 INFO  no build target found for D:\University\5_1_Subjects\NLP\Lab2\build.sbt. Using presentation compiler with project's scala-library version: 3.3.6
2025.09.25 12:09:48 INFO  no build target found for D:\University\5_1_Subjects\NLP\Lab2\build.sbt. Using presentation compiler with project's scala-library version: 3.3.6
2025.09.25 12:09:48 INFO  no build target found for D:\University\5_1_Subjects\NLP\Lab2\build.sbt. Using presentation compiler with project's scala-library version: 3.3.6
2025.09.25 12:09:48 INFO  no build target found for D:\University\5_1_Subjects\NLP\Lab2\build.sbt. Using presentation compiler with project's scala-library version: 3.3.6
2025.09.25 12:09:49 INFO  no build target found for D:\University\5_1_Subjects\NLP\Lab2\build.sbt. Using presentation compiler with project's scala-library version: 3.3.6
2025.09.25 12:09:48 INFO  no build target found for D:\University\5_1_Subjects\NLP\Lab2\build.sbt. Using presentation compiler with project's scala-library version: 3.3.6
2025.09.25 12:09:48 INFO  no build target found for D:\University\5_1_Subjects\NLP\Lab2\build.sbt. Using presentation compiler with project's scala-library version: 3.3.6
2025.09.25 12:09:49 INFO  no build target found for D:\University\5_1_Subjects\NLP\Lab2\build.sbt. Using presentation compiler with project's scala-library version: 3.3.6
2025.09.25 12:09:49 INFO  no build target found for D:\University\5_1_Subjects\NLP\Lab2\build.sbt. Using presentation compiler with project's scala-library version: 3.3.6
2025.09.25 12:09:49 INFO  no build target found for D:\University\5_1_Subjects\NLP\Lab2\build.sbt. Using presentation compiler with project's scala-library version: 3.3.6
2025.09.25 12:09:49 INFO  no build target found for D:\University\5_1_Subjects\NLP\Lab2\build.sbt. Using presentation compiler with project's scala-library version: 3.3.6
2025.09.25 12:09:49 INFO  no build target found for D:\University\5_1_Subjects\NLP\Lab2\build.sbt. Using presentation compiler with project's scala-library version: 3.3.6
2025.09.25 12:09:49 INFO  no build target found for D:\University\5_1_Subjects\NLP\Lab2\build.sbt. Using presentation compiler with project's scala-library version: 3.3.6
2025.09.25 12:09:49 INFO  no build target found for D:\University\5_1_Subjects\NLP\Lab2\build.sbt. Using presentation compiler with project's scala-library version: 3.3.6
2025.09.25 12:09:50 INFO  no build target found for D:\University\5_1_Subjects\NLP\Lab2\build.sbt. Using presentation compiler with project's scala-library version: 3.3.6
2025.09.25 12:09:50 INFO  no build target found for D:\University\5_1_Subjects\NLP\Lab2\build.sbt. Using presentation compiler with project's scala-library version: 3.3.6
2025.09.25 12:09:50 INFO  no build target found for D:\University\5_1_Subjects\NLP\Lab2\build.sbt. Using presentation compiler with project's scala-library version: 3.3.6
2025.09.25 12:09:50 INFO  no build target found for D:\University\5_1_Subjects\NLP\Lab2\build.sbt. Using presentation compiler with project's scala-library version: 3.3.6
2025.09.25 12:09:50 INFO  no build target found for D:\University\5_1_Subjects\NLP\Lab2\build.sbt. Using presentation compiler with project's scala-library version: 3.3.6
2025.09.25 12:09:50 INFO  no build target found for D:\University\5_1_Subjects\NLP\Lab2\build.sbt. Using presentation compiler with project's scala-library version: 3.3.6
2025.09.25 12:09:51 INFO  no build target found for D:\University\5_1_Subjects\NLP\Lab2\build.sbt. Using presentation compiler with project's scala-library version: 3.3.6
2025.09.25 12:09:51 INFO  no build target found for D:\University\5_1_Subjects\NLP\Lab2\build.sbt. Using presentation compiler with project's scala-library version: 3.3.6
2025.09.25 12:09:50 INFO  no build target found for D:\University\5_1_Subjects\NLP\Lab2\build.sbt. Using presentation compiler with project's scala-library version: 3.3.6
2025.09.25 12:09:52 INFO  no build target found for D:\University\5_1_Subjects\NLP\Lab2\build.sbt. Using presentation compiler with project's scala-library version: 3.3.6
2025.09.25 12:09:52 INFO  no build target found for D:\University\5_1_Subjects\NLP\Lab2\build.sbt. Using presentation compiler with project's scala-library version: 3.3.6
2025.09.25 12:09:51 INFO  no build target found for D:\University\5_1_Subjects\NLP\Lab2\build.sbt. Using presentation compiler with project's scala-library version: 3.3.6
2025.09.25 12:09:57 INFO  no build target found for D:\University\5_1_Subjects\NLP\Lab2\build.sbt. Using presentation compiler with project's scala-library version: 3.3.6
Exception in thread "pool-176-thread-1" java.lang.InterruptedException
	at scala.meta.internal.metals.FutureCancelToken.checkCanceled(FutureCancelToken.scala:29)
	at scala.meta.internal.pc.CompilerAccess.onCompilerJobQueue$$anonfun$1(CompilerAccess.scala:244)
	at scala.meta.internal.pc.CompilerJobQueue$Job.run(CompilerJobQueue.scala:153)
	at java.base/java.util.concurrent.ThreadPoolExecutor.runWorker(ThreadPoolExecutor.java:1136)
	at java.base/java.util.concurrent.ThreadPoolExecutor$Worker.run(ThreadPoolExecutor.java:635)
	at java.base/java.lang.Thread.run(Thread.java:842)
2025.09.25 12:09:57 INFO  no build target found for D:\University\5_1_Subjects\NLP\Lab2\build.sbt. Using presentation compiler with project's scala-library version: 3.3.6
2025.09.25 12:09:59 INFO  no build target found for D:\University\5_1_Subjects\NLP\Lab2\build.sbt. Using presentation compiler with project's scala-library version: 3.3.6
2025.09.25 12:09:59 INFO  no build target found for D:\University\5_1_Subjects\NLP\Lab2\build.sbt. Using presentation compiler with project's scala-library version: 3.3.6
2025.09.25 12:10:02 INFO  no build target found for D:\University\5_1_Subjects\NLP\Lab2\build.sbt. Using presentation compiler with project's scala-library version: 3.3.6
2025.09.25 12:10:02 INFO  no build target found for D:\University\5_1_Subjects\NLP\Lab2\build.sbt. Using presentation compiler with project's scala-library version: 3.3.6
2025.09.25 12:10:02 INFO  no build target found for D:\University\5_1_Subjects\NLP\Lab2\build.sbt. Using presentation compiler with project's scala-library version: 3.3.6
2025.09.25 12:10:02 INFO  no build target found for D:\University\5_1_Subjects\NLP\Lab2\build.sbt. Using presentation compiler with project's scala-library version: 3.3.6
2025.09.25 12:10:02 INFO  no build target found for D:\University\5_1_Subjects\NLP\Lab2\build.sbt. Using presentation compiler with project's scala-library version: 3.3.6
2025.09.25 12:10:02 INFO  no build target found for D:\University\5_1_Subjects\NLP\Lab2\build.sbt. Using presentation compiler with project's scala-library version: 3.3.6
2025.09.25 12:10:02 INFO  no build target found for D:\University\5_1_Subjects\NLP\Lab2\build.sbt. Using presentation compiler with project's scala-library version: 3.3.6
2025.09.25 12:10:03 INFO  no build target found for D:\University\5_1_Subjects\NLP\Lab2\build.sbt. Using presentation compiler with project's scala-library version: 3.3.6
2025.09.25 12:10:03 INFO  no build target found for D:\University\5_1_Subjects\NLP\Lab2\build.sbt. Using presentation compiler with project's scala-library version: 3.3.6
2025.09.25 12:10:03 INFO  no build target found for D:\University\5_1_Subjects\NLP\Lab2\build.sbt. Using presentation compiler with project's scala-library version: 3.3.6
2025.09.25 12:10:03 INFO  no build target found for D:\University\5_1_Subjects\NLP\Lab2\build.sbt. Using presentation compiler with project's scala-library version: 3.3.6
2025.09.25 12:10:04 INFO  no build target found for D:\University\5_1_Subjects\NLP\Lab2\build.sbt. Using presentation compiler with project's scala-library version: 3.3.6
2025.09.25 12:10:03 INFO  no build target found for D:\University\5_1_Subjects\NLP\Lab2\build.sbt. Using presentation compiler with project's scala-library version: 3.3.6
2025.09.25 12:10:04 INFO  no build target found for D:\University\5_1_Subjects\NLP\Lab2\build.sbt. Using presentation compiler with project's scala-library version: 3.3.6
2025.09.25 12:10:05 INFO  no build target found for D:\University\5_1_Subjects\NLP\Lab2\build.sbt. Using presentation compiler with project's scala-library version: 3.3.6
2025.09.25 12:10:05 INFO  no build target found for D:\University\5_1_Subjects\NLP\Lab2\build.sbt. Using presentation compiler with project's scala-library version: 3.3.6
2025.09.25 12:10:05 INFO  no build target found for D:\University\5_1_Subjects\NLP\Lab2\build.sbt. Using presentation compiler with project's scala-library version: 3.3.6
2025.09.25 12:10:05 INFO  no build target found for D:\University\5_1_Subjects\NLP\Lab2\build.sbt. Using presentation compiler with project's scala-library version: 3.3.6
2025.09.25 12:10:05 INFO  no build target found for D:\University\5_1_Subjects\NLP\Lab2\build.sbt. Using presentation compiler with project's scala-library version: 3.3.6
2025.09.25 12:10:05 INFO  no build target found for D:\University\5_1_Subjects\NLP\Lab2\build.sbt. Using presentation compiler with project's scala-library version: 3.3.6
2025.09.25 12:10:05 INFO  no build target found for D:\University\5_1_Subjects\NLP\Lab2\build.sbt. Using presentation compiler with project's scala-library version: 3.3.6
2025.09.25 12:10:05 INFO  no build target found for D:\University\5_1_Subjects\NLP\Lab2\build.sbt. Using presentation compiler with project's scala-library version: 3.3.6
2025.09.25 12:10:05 INFO  no build target found for D:\University\5_1_Subjects\NLP\Lab2\build.sbt. Using presentation compiler with project's scala-library version: 3.3.6
2025.09.25 12:10:06 INFO  no build target found for D:\University\5_1_Subjects\NLP\Lab2\build.sbt. Using presentation compiler with project's scala-library version: 3.3.6
2025.09.25 12:10:06 INFO  no build target found for D:\University\5_1_Subjects\NLP\Lab2\build.sbt. Using presentation compiler with project's scala-library version: 3.3.6
2025.09.25 12:10:06 INFO  no build target found for D:\University\5_1_Subjects\NLP\Lab2\build.sbt. Using presentation compiler with project's scala-library version: 3.3.6
2025.09.25 12:10:08 INFO  no build target found for D:\University\5_1_Subjects\NLP\Lab2\build.sbt. Using presentation compiler with project's scala-library version: 3.3.6
2025.09.25 12:10:08 INFO  no build target found for D:\University\5_1_Subjects\NLP\Lab2\build.sbt. Using presentation compiler with project's scala-library version: 3.3.6
2025.09.25 12:10:08 INFO  no build target found for D:\University\5_1_Subjects\NLP\Lab2\build.sbt. Using presentation compiler with project's scala-library version: 3.3.6
2025.09.25 12:10:10 INFO  no build target found for D:\University\5_1_Subjects\NLP\Lab2\build.sbt. Using presentation compiler with project's scala-library version: 3.3.6
2025.09.25 12:10:14 INFO  no build target found for D:\University\5_1_Subjects\NLP\Lab2\build.sbt. Using presentation compiler with project's scala-library version: 3.3.6
2025.09.25 12:10:14 INFO  no build target found for D:\University\5_1_Subjects\NLP\Lab2\build.sbt. Using presentation compiler with project's scala-library version: 3.3.6
2025.09.25 12:10:14 INFO  no build target found for D:\University\5_1_Subjects\NLP\Lab2\build.sbt. Using presentation compiler with project's scala-library version: 3.3.6
2025.09.25 12:10:14 INFO  no build target found for D:\University\5_1_Subjects\NLP\Lab2\build.sbt. Using presentation compiler with project's scala-library version: 3.3.6
2025.09.25 12:10:15 INFO  no build target found for D:\University\5_1_Subjects\NLP\Lab2\build.sbt. Using presentation compiler with project's scala-library version: 3.3.6
2025.09.25 12:10:15 INFO  no build target found for D:\University\5_1_Subjects\NLP\Lab2\build.sbt. Using presentation compiler with project's scala-library version: 3.3.6
2025.09.25 12:10:16 INFO  no build target found for D:\University\5_1_Subjects\NLP\Lab2\build.sbt. Using presentation compiler with project's scala-library version: 3.3.6
2025.09.25 12:10:16 INFO  no build target found for D:\University\5_1_Subjects\NLP\Lab2\build.sbt. Using presentation compiler with project's scala-library version: 3.3.6
2025.09.25 12:10:16 INFO  no build target found for D:\University\5_1_Subjects\NLP\Lab2\build.sbt. Using presentation compiler with project's scala-library version: 3.3.6
2025.09.25 12:10:16 INFO  no build target found for D:\University\5_1_Subjects\NLP\Lab2\build.sbt. Using presentation compiler with project's scala-library version: 3.3.6
2025.09.25 12:10:17 INFO  no build target found for D:\University\5_1_Subjects\NLP\Lab2\build.sbt. Using presentation compiler with project's scala-library version: 3.3.6
2025.09.25 12:10:16 INFO  no build target found for D:\University\5_1_Subjects\NLP\Lab2\build.sbt. Using presentation compiler with project's scala-library version: 3.3.6
2025.09.25 12:10:17 INFO  no build target found for D:\University\5_1_Subjects\NLP\Lab2\build.sbt. Using presentation compiler with project's scala-library version: 3.3.6
2025.09.25 12:10:18 INFO  no build target found for D:\University\5_1_Subjects\NLP\Lab2\build.sbt. Using presentation compiler with project's scala-library version: 3.3.6
2025.09.25 12:10:18 INFO  no build target found for D:\University\5_1_Subjects\NLP\Lab2\build.sbt. Using presentation compiler with project's scala-library version: 3.3.6
2025.09.25 12:10:18 INFO  no build target found for D:\University\5_1_Subjects\NLP\Lab2\build.sbt. Using presentation compiler with project's scala-library version: 3.3.6
2025.09.25 12:10:19 INFO  no build target found for D:\University\5_1_Subjects\NLP\Lab2\build.sbt. Using presentation compiler with project's scala-library version: 3.3.6
2025.09.25 12:10:19 INFO  no build target found for D:\University\5_1_Subjects\NLP\Lab2\build.sbt. Using presentation compiler with project's scala-library version: 3.3.6
2025.09.25 12:10:19 INFO  no build target found for D:\University\5_1_Subjects\NLP\Lab2\build.sbt. Using presentation compiler with project's scala-library version: 3.3.6
2025.09.25 12:10:19 INFO  no build target found for D:\University\5_1_Subjects\NLP\Lab2\build.sbt. Using presentation compiler with project's scala-library version: 3.3.6
2025.09.25 12:10:20 INFO  no build target found for D:\University\5_1_Subjects\NLP\Lab2\build.sbt. Using presentation compiler with project's scala-library version: 3.3.6
2025.09.25 12:10:20 INFO  no build target found for D:\University\5_1_Subjects\NLP\Lab2\build.sbt. Using presentation compiler with project's scala-library version: 3.3.6
2025.09.25 12:10:20 INFO  no build target found for D:\University\5_1_Subjects\NLP\Lab2\build.sbt. Using presentation compiler with project's scala-library version: 3.3.6
2025.09.25 12:10:24 INFO  no build target found for D:\University\5_1_Subjects\NLP\Lab2\build.sbt. Using presentation compiler with project's scala-library version: 3.3.6
Exception in thread "pool-205-thread-1" java.lang.InterruptedException
	at scala.meta.internal.metals.FutureCancelToken.checkCanceled(FutureCancelToken.scala:29)
	at scala.meta.internal.pc.CompilerAccess.onCompilerJobQueue$$anonfun$1(CompilerAccess.scala:244)
	at scala.meta.internal.pc.CompilerJobQueue$Job.run(CompilerJobQueue.scala:153)
	at java.base/java.util.concurrent.ThreadPoolExecutor.runWorker(ThreadPoolExecutor.java:1136)
	at java.base/java.util.concurrent.ThreadPoolExecutor$Worker.run(ThreadPoolExecutor.java:635)
	at java.base/java.lang.Thread.run(Thread.java:842)
2025.09.25 12:10:24 INFO  no build target found for D:\University\5_1_Subjects\NLP\Lab2\build.sbt. Using presentation compiler with project's scala-library version: 3.3.6
2025.09.25 12:10:24 INFO  no build target found for D:\University\5_1_Subjects\NLP\Lab2\build.sbt. Using presentation compiler with project's scala-library version: 3.3.6
2025.09.25 12:10:25 INFO  no build target found for D:\University\5_1_Subjects\NLP\Lab2\build.sbt. Using presentation compiler with project's scala-library version: 3.3.6
2025.09.25 12:10:25 INFO  no build target found for D:\University\5_1_Subjects\NLP\Lab2\build.sbt. Using presentation compiler with project's scala-library version: 3.3.6
2025.09.25 12:10:25 INFO  no build target found for D:\University\5_1_Subjects\NLP\Lab2\build.sbt. Using presentation compiler with project's scala-library version: 3.3.6
2025.09.25 12:10:25 INFO  no build target found for D:\University\5_1_Subjects\NLP\Lab2\build.sbt. Using presentation compiler with project's scala-library version: 3.3.6
2025.09.25 12:10:25 INFO  no build target found for D:\University\5_1_Subjects\NLP\Lab2\build.sbt. Using presentation compiler with project's scala-library version: 3.3.6
2025.09.25 12:10:25 INFO  no build target found for D:\University\5_1_Subjects\NLP\Lab2\build.sbt. Using presentation compiler with project's scala-library version: 3.3.6
2025.09.25 12:10:25 INFO  no build target found for D:\University\5_1_Subjects\NLP\Lab2\build.sbt. Using presentation compiler with project's scala-library version: 3.3.6
2025.09.25 12:10:26 INFO  no build target found for D:\University\5_1_Subjects\NLP\Lab2\build.sbt. Using presentation compiler with project's scala-library version: 3.3.6
2025.09.25 12:10:26 INFO  no build target found for D:\University\5_1_Subjects\NLP\Lab2\build.sbt. Using presentation compiler with project's scala-library version: 3.3.6
2025.09.25 12:10:26 INFO  no build target found for D:\University\5_1_Subjects\NLP\Lab2\build.sbt. Using presentation compiler with project's scala-library version: 3.3.6
2025.09.25 12:10:26 INFO  no build target found for D:\University\5_1_Subjects\NLP\Lab2\build.sbt. Using presentation compiler with project's scala-library version: 3.3.6
2025.09.25 12:10:26 INFO  no build target found for D:\University\5_1_Subjects\NLP\Lab2\build.sbt. Using presentation compiler with project's scala-library version: 3.3.6
2025.09.25 12:10:26 INFO  no build target found for D:\University\5_1_Subjects\NLP\Lab2\build.sbt. Using presentation compiler with project's scala-library version: 3.3.6
2025.09.25 12:10:27 INFO  no build target found for D:\University\5_1_Subjects\NLP\Lab2\build.sbt. Using presentation compiler with project's scala-library version: 3.3.6
2025.09.25 12:10:41 INFO  no build target found for D:\University\5_1_Subjects\NLP\Lab2\build.sbt. Using presentation compiler with project's scala-library version: 3.3.6
2025.09.25 12:10:41 INFO  no build target found for D:\University\5_1_Subjects\NLP\Lab2\build.sbt. Using presentation compiler with project's scala-library version: 3.3.6
2025.09.25 12:10:43 INFO  no build target found for D:\University\5_1_Subjects\NLP\Lab2\build.sbt. Using presentation compiler with project's scala-library version: 3.3.6
2025.09.25 12:10:44 INFO  no build target found for D:\University\5_1_Subjects\NLP\Lab2\build.sbt. Using presentation compiler with project's scala-library version: 3.3.6
2025.09.25 12:10:44 INFO  no build target found for D:\University\5_1_Subjects\NLP\Lab2\build.sbt. Using presentation compiler with project's scala-library version: 3.3.6
2025.09.25 12:10:44 WARN  no build target for: D:\University\5_1_Subjects\NLP\Lab2\build.sbt
2025.09.25 12:10:44 INFO  no build target found for D:\University\5_1_Subjects\NLP\Lab2\build.sbt. Using presentation compiler with project's scala-library version: 3.3.6
2025.09.25 12:10:44 WARN  No build session currently active to reload. Attempting to reconnect.
2025.09.25 12:10:44 INFO  Attempting to connect to the build server...
2025.09.25 12:10:46 INFO  running C:\Program Files\Java\jdk-17\bin\java.exe -Djline.terminal=jline.UnsupportedTerminal -Dsbt.log.noformat=true -Dfile.encoding=UTF-8 -jar D:\University\5_1_Subjects\NLP\Lab2\sbt-launch.jar --client shutdown
2025.09.25 12:10:46 INFO  [info] no sbt server is running. ciao
2025.09.25 12:10:46 INFO  time: ran 'Shutting down sbt server' in 0.67s
2025.09.25 12:10:46 INFO  Running BSP server List(C:\Program Files\Java\jdk-17/bin/java, -Xms100m, -Xmx100m, -classpath, D:\University\5_1_Subjects\NLP\Lab2\.bsp\sbt-launch.jar, -Dsbt.script=file://C:\Program%20Files%20(x86)\sbt\bin\sbt.bat, xsbt.boot.Boot, -bsp)
2025.09.25 12:10:46 INFO  tracing is disabled for protocol BSP, to enable tracing of incoming and outgoing JSON messages create an empty file at D:\University\5_1_Subjects\NLP\Lab2\.metals\bsp.trace.json or C:\Users\trand\AppData\Local\scalameta\metals\cache\bsp.trace.json
2025.09.25 12:10:47 INFO  BSP server: [info] server was not detected. starting an instance
2025.09.25 12:10:47 INFO  BSP server: [error] Failed to start server : java.io.IOException: Cannot run program "file://C:\Program Files (x86)\sbt\bin\sbt.bat" (in directory "D:\University\5_1_Subjects\NLP\Lab2"): CreateProcess error=2, The system cannot find the file specified
2025.09.25 12:11:46 ERROR Timeout waiting for 'build/initialize' response
2025.09.25 12:11:46 WARN  Retrying connection to the build server sbt
2025.09.25 12:11:46 INFO  Running BSP server List(C:\Program Files\Java\jdk-17/bin/java, -Xms100m, -Xmx100m, -classpath, D:\University\5_1_Subjects\NLP\Lab2\.bsp\sbt-launch.jar, -Dsbt.script=file://C:\Program%20Files%20(x86)\sbt\bin\sbt.bat, xsbt.boot.Boot, -bsp)
2025.09.25 12:11:46 INFO  tracing is disabled for protocol BSP, to enable tracing of incoming and outgoing JSON messages create an empty file at D:\University\5_1_Subjects\NLP\Lab2\.metals\bsp.trace.json or C:\Users\trand\AppData\Local\scalameta\metals\cache\bsp.trace.json
2025.09.25 12:11:47 INFO  BSP server: [info] server was not detected. starting an instance
2025.09.25 12:11:47 INFO  BSP server: [error] Failed to start server : java.io.IOException: Cannot run program "file://C:\Program Files (x86)\sbt\bin\sbt.bat" (in directory "D:\University\5_1_Subjects\NLP\Lab2"): CreateProcess error=2, The system cannot find the file specified
2025.09.25 12:12:41 WARN  no build target for: D:\University\5_1_Subjects\NLP\Lab2\build.sbt
2025.09.25 12:12:41 INFO  no build target found for D:\University\5_1_Subjects\NLP\Lab2\build.sbt. Using presentation compiler with project's scala-library version: 3.3.6
2025.09.25 12:12:41 INFO  no build target found for D:\University\5_1_Subjects\NLP\Lab2\build.sbt. Using presentation compiler with project's scala-library version: 3.3.6
2025.09.25 12:12:42 WARN  no build target for: D:\University\5_1_Subjects\NLP\Lab2\src\main\scala\lab2.scala
2025.09.25 12:12:42 INFO  no build target found for D:\University\5_1_Subjects\NLP\Lab2\src\main\scala\lab2.scala. Using presentation compiler with project's scala-library version: 3.3.6
2025.09.25 12:12:42 WARN  Could not find semantic tokens for: file:///D:/University/5_1_Subjects/NLP/Lab2/src/main/scala/lab2.scala
2025.09.25 12:12:46 ERROR Timeout waiting for 'build/initialize' response
2025.09.25 12:12:46 WARN  Retrying connection to the build server sbt
2025.09.25 12:12:46 INFO  Running BSP server List(C:\Program Files\Java\jdk-17/bin/java, -Xms100m, -Xmx100m, -classpath, D:\University\5_1_Subjects\NLP\Lab2\.bsp\sbt-launch.jar, -Dsbt.script=file://C:\Program%20Files%20(x86)\sbt\bin\sbt.bat, xsbt.boot.Boot, -bsp)
2025.09.25 12:12:46 INFO  tracing is disabled for protocol BSP, to enable tracing of incoming and outgoing JSON messages create an empty file at D:\University\5_1_Subjects\NLP\Lab2\.metals\bsp.trace.json or C:\Users\trand\AppData\Local\scalameta\metals\cache\bsp.trace.json
2025.09.25 12:12:47 INFO  BSP server: [info] server was not detected. starting an instance
2025.09.25 12:12:47 INFO  BSP server: [error] Failed to start server : java.io.IOException: Cannot run program "file://C:\Program Files (x86)\sbt\bin\sbt.bat" (in directory "D:\University\5_1_Subjects\NLP\Lab2"): CreateProcess error=2, The system cannot find the file specified
2025.09.25 12:13:46 ERROR Timeout waiting for 'build/initialize' response
2025.09.25 12:13:46 WARN  Retrying connection to the build server sbt
2025.09.25 12:13:46 INFO  Running BSP server List(C:\Program Files\Java\jdk-17/bin/java, -Xms100m, -Xmx100m, -classpath, D:\University\5_1_Subjects\NLP\Lab2\.bsp\sbt-launch.jar, -Dsbt.script=file://C:\Program%20Files%20(x86)\sbt\bin\sbt.bat, xsbt.boot.Boot, -bsp)
2025.09.25 12:13:46 INFO  tracing is disabled for protocol BSP, to enable tracing of incoming and outgoing JSON messages create an empty file at D:\University\5_1_Subjects\NLP\Lab2\.metals\bsp.trace.json or C:\Users\trand\AppData\Local\scalameta\metals\cache\bsp.trace.json
2025.09.25 12:13:47 INFO  BSP server: [info] server was not detected. starting an instance
2025.09.25 12:13:47 INFO  BSP server: [error] Failed to start server : java.io.IOException: Cannot run program "file://C:\Program Files (x86)\sbt\bin\sbt.bat" (in directory "D:\University\5_1_Subjects\NLP\Lab2"): CreateProcess error=2, The system cannot find the file specified
2025.09.25 12:14:46 ERROR Timeout waiting for 'build/initialize' response
2025.09.25 12:14:46 WARN  Retrying connection to the build server sbt
2025.09.25 12:14:46 INFO  Running BSP server List(C:\Program Files\Java\jdk-17/bin/java, -Xms100m, -Xmx100m, -classpath, D:\University\5_1_Subjects\NLP\Lab2\.bsp\sbt-launch.jar, -Dsbt.script=file://C:\Program%20Files%20(x86)\sbt\bin\sbt.bat, xsbt.boot.Boot, -bsp)
2025.09.25 12:14:46 INFO  tracing is disabled for protocol BSP, to enable tracing of incoming and outgoing JSON messages create an empty file at D:\University\5_1_Subjects\NLP\Lab2\.metals\bsp.trace.json or C:\Users\trand\AppData\Local\scalameta\metals\cache\bsp.trace.json
2025.09.25 12:14:47 INFO  BSP server: [info] server was not detected. starting an instance
2025.09.25 12:14:47 INFO  BSP server: [error] Failed to start server : java.io.IOException: Cannot run program "file://C:\Program Files (x86)\sbt\bin\sbt.bat" (in directory "D:\University\5_1_Subjects\NLP\Lab2"): CreateProcess error=2, The system cannot find the file specified
2025.09.25 12:15:46 ERROR Timeout waiting for 'build/initialize' response
2025.09.25 12:15:46 WARN  Retrying connection to the build server sbt
2025.09.25 12:15:46 INFO  Running BSP server List(C:\Program Files\Java\jdk-17/bin/java, -Xms100m, -Xmx100m, -classpath, D:\University\5_1_Subjects\NLP\Lab2\.bsp\sbt-launch.jar, -Dsbt.script=file://C:\Program%20Files%20(x86)\sbt\bin\sbt.bat, xsbt.boot.Boot, -bsp)
2025.09.25 12:15:46 INFO  tracing is disabled for protocol BSP, to enable tracing of incoming and outgoing JSON messages create an empty file at D:\University\5_1_Subjects\NLP\Lab2\.metals\bsp.trace.json or C:\Users\trand\AppData\Local\scalameta\metals\cache\bsp.trace.json
2025.09.25 12:15:47 INFO  BSP server: [info] server was not detected. starting an instance
2025.09.25 12:15:47 INFO  BSP server: [error] Failed to start server : java.io.IOException: Cannot run program "file://C:\Program Files (x86)\sbt\bin\sbt.bat" (in directory "D:\University\5_1_Subjects\NLP\Lab2"): CreateProcess error=2, The system cannot find the file specified
2025.09.25 12:16:46 ERROR Timeout waiting for 'build/initialize' response
2025.09.25 12:16:46 ERROR Failed to connect with build server, no functionality will work.
java.util.concurrent.TimeoutException
	at java.util.concurrent.CompletableFuture.timedGet(CompletableFuture.java:1960)
	at java.util.concurrent.CompletableFuture.get(CompletableFuture.java:2095)
	at scala.meta.internal.metals.BuildServerConnection$.initialize(BuildServerConnection.scala:787)
	at scala.meta.internal.metals.BuildServerConnection$.$anonfun$fromSockets$1(BuildServerConnection.scala:658)
	at scala.concurrent.impl.Promise$Transformation.run(Promise.scala:467)
	at java.util.concurrent.ThreadPoolExecutor.runWorker(ThreadPoolExecutor.java:1136)
	at java.util.concurrent.ThreadPoolExecutor$Worker.run(ThreadPoolExecutor.java:635)
	at java.lang.Thread.run(Thread.java:842)

2025.09.25 12:18:11 INFO  no build target found for C:\Users\trand\OneDrive\Máy tính\build.sbt. Using presentation compiler with project's scala-library version: 3.3.6
2025.09.25 12:18:11 INFO  no build target found for C:\Users\trand\OneDrive\Máy tính\build.sbt. Using presentation compiler with project's scala-library version: 3.3.6
2025.09.25 12:18:11 WARN  scala-cli >= 0.1.3 not found in PATH, fetching and starting a JVM-based Scala CLI
2025.09.25 12:18:11 INFO  no build target found for C:\Users\trand\OneDrive\Máy tính\build.sbt. Using presentation compiler with project's scala-library version: 3.3.6
2025.09.25 12:18:15 INFO  no build target found for C:\Users\trand\OneDrive\Máy tính\build.sbt. Using presentation compiler with project's scala-library version: 3.3.6
2025.09.25 12:18:15 INFO  no build target found for C:\Users\trand\OneDrive\Máy tính\build.sbt. Using presentation compiler with project's scala-library version: 3.3.6
2025.09.25 12:18:15 INFO  no build target found for C:\Users\trand\OneDrive\Máy tính\build.sbt. Using presentation compiler with project's scala-library version: 3.3.6
2025.09.25 12:18:17 INFO  no build target found for C:\Users\trand\OneDrive\Máy tính\build.sbt. Using presentation compiler with project's scala-library version: 3.3.6
2025.09.25 12:18:22 INFO  no build target found for C:\Users\trand\OneDrive\Máy tính\build.sbt. Using presentation compiler with project's scala-library version: 3.3.6
2025.09.25 12:19:38 WARN  no build target for: D:\University\5_1_Subjects\NLP\Lab2\src\main\scala\lab2.scala
2025.09.25 12:19:38 INFO  no build target found for D:\University\5_1_Subjects\NLP\Lab2\src\main\scala\lab2.scala. Using presentation compiler with project's scala-library version: 3.3.6
Sep 25, 2025 12:19:38 PM org.eclipse.lsp4j.jsonrpc.RemoteEndpoint handleCancellation
WARNING: Unmatched cancel notification for request id 740
Sep 25, 2025 12:19:38 PM org.eclipse.lsp4j.jsonrpc.RemoteEndpoint handleCancellation
WARNING: Unmatched cancel notification for request id 739
Sep 25, 2025 12:19:38 PM org.eclipse.lsp4j.jsonrpc.RemoteEndpoint handleCancellation
WARNING: Unmatched cancel notification for request id 738
2025.09.25 12:19:38 INFO  no build target found for D:\University\5_1_Subjects\NLP\Lab2\src\main\scala\lab2.scala. Using presentation compiler with project's scala-library version: 3.3.6
Sep 25, 2025 12:19:38 PM org.eclipse.lsp4j.jsonrpc.RemoteEndpoint handleCancellation
WARNING: Unmatched cancel notification for request id 742
Sep 25, 2025 12:19:38 PM org.eclipse.lsp4j.jsonrpc.RemoteEndpoint handleCancellation
WARNING: Unmatched cancel notification for request id 744
2025.09.25 12:19:38 INFO  no build target found for D:\University\5_1_Subjects\NLP\Lab2\src\main\scala\lab2.scala. Using presentation compiler with project's scala-library version: 3.3.6
2025.09.25 12:19:38 INFO  no build target found for D:\University\5_1_Subjects\NLP\Lab2\src\main\scala\lab2.scala. Using presentation compiler with project's scala-library version: 3.3.6
Sep 25, 2025 12:19:38 PM org.eclipse.lsp4j.jsonrpc.RemoteEndpoint handleCancellation
WARNING: Unmatched cancel notification for request id 746
2025.09.25 12:19:38 INFO  no build target found for D:\University\5_1_Subjects\NLP\Lab2\src\main\scala\lab2.scala. Using presentation compiler with project's scala-library version: 3.3.6
Sep 25, 2025 12:19:38 PM org.eclipse.lsp4j.jsonrpc.RemoteEndpoint handleCancellation
WARNING: Unmatched cancel notification for request id 755
2025.09.25 12:19:38 INFO  no build target found for D:\University\5_1_Subjects\NLP\Lab2\src\main\scala\lab2.scala. Using presentation compiler with project's scala-library version: 3.3.6
2025.09.25 12:19:38 INFO  no build target found for D:\University\5_1_Subjects\NLP\Lab2\src\main\scala\lab2.scala. Using presentation compiler with project's scala-library version: 3.3.6
Sep 25, 2025 12:19:38 PM org.eclipse.lsp4j.jsonrpc.RemoteEndpoint handleCancellation
WARNING: Unmatched cancel notification for request id 759
2025.09.25 12:19:38 INFO  no build target found for D:\University\5_1_Subjects\NLP\Lab2\src\main\scala\lab2.scala. Using presentation compiler with project's scala-library version: 3.3.6
2025.09.25 12:19:38 INFO  no build target found for D:\University\5_1_Subjects\NLP\Lab2\src\main\scala\lab2.scala. Using presentation compiler with project's scala-library version: 3.3.6
Exception in thread "pool-230-thread-1" java.lang.InterruptedException
	at scala.meta.internal.metals.FutureCancelToken.checkCanceled(FutureCancelToken.scala:29)
	at scala.meta.internal.pc.CompilerAccess.onCompilerJobQueue$$anonfun$1(CompilerAccess.scala:244)
	at scala.meta.internal.pc.CompilerJobQueue$Job.run(CompilerJobQueue.scala:153)
	at java.base/java.util.concurrent.ThreadPoolExecutor.runWorker(ThreadPoolExecutor.java:1136)
	at java.base/java.util.concurrent.ThreadPoolExecutor$Worker.run(ThreadPoolExecutor.java:635)
	at java.base/java.lang.Thread.run(Thread.java:842)
2025.09.25 12:19:38 INFO  no build target found for D:\University\5_1_Subjects\NLP\Lab2\src\main\scala\lab2.scala. Using presentation compiler with project's scala-library version: 3.3.6
Sep 25, 2025 12:19:39 PM org.eclipse.lsp4j.jsonrpc.RemoteEndpoint handleCancellation
WARNING: Unmatched cancel notification for request id 749
2025.09.25 12:19:38 INFO  no build target found for D:\University\5_1_Subjects\NLP\Lab2\src\main\scala\lab2.scala. Using presentation compiler with project's scala-library version: 3.3.6
Sep 25, 2025 12:19:39 PM org.eclipse.lsp4j.jsonrpc.RemoteEndpoint handleCancellation
WARNING: Unmatched cancel notification for request id 765
2025.09.25 12:19:38 INFO  no build target found for D:\University\5_1_Subjects\NLP\Lab2\src\main\scala\lab2.scala. Using presentation compiler with project's scala-library version: 3.3.6
Sep 25, 2025 12:19:39 PM org.eclipse.lsp4j.jsonrpc.RemoteEndpoint handleCancellation
WARNING: Unmatched cancel notification for request id 751
Sep 25, 2025 12:19:39 PM org.eclipse.lsp4j.jsonrpc.RemoteEndpoint handleCancellation
WARNING: Unmatched cancel notification for request id 748
Sep 25, 2025 12:19:39 PM org.eclipse.lsp4j.jsonrpc.RemoteEndpoint handleCancellation
WARNING: Unmatched cancel notification for request id 750
2025.09.25 12:19:39 INFO  no build target found for D:\University\5_1_Subjects\NLP\Lab2\src\main\scala\lab2.scala. Using presentation compiler with project's scala-library version: 3.3.6
Sep 25, 2025 12:19:39 PM org.eclipse.lsp4j.jsonrpc.RemoteEndpoint handleCancellation
WARNING: Unmatched cancel notification for request id 769
2025.09.25 12:19:38 INFO  no build target found for D:\University\5_1_Subjects\NLP\Lab2\src\main\scala\lab2.scala. Using presentation compiler with project's scala-library version: 3.3.6
2025.09.25 12:19:38 INFO  no build target found for D:\University\5_1_Subjects\NLP\Lab2\src\main\scala\lab2.scala. Using presentation compiler with project's scala-library version: 3.3.6
2025.09.25 12:19:38 INFO  no build target found for D:\University\5_1_Subjects\NLP\Lab2\src\main\scala\lab2.scala. Using presentation compiler with project's scala-library version: 3.3.6
Exception in thread "pool-234-thread-1" java.lang.InterruptedException
	at scala.meta.internal.metals.FutureCancelToken.checkCanceled(FutureCancelToken.scala:29)
	at scala.meta.internal.pc.CompilerAccess.onCompilerJobQueue$$anonfun$1(CompilerAccess.scala:244)
	at scala.meta.internal.pc.CompilerJobQueue$Job.run(CompilerJobQueue.scala:153)
	at java.base/java.util.concurrent.ThreadPoolExecutor.runWorker(ThreadPoolExecutor.java:1136)
	at java.base/java.util.concurrent.ThreadPoolExecutor$Worker.run(ThreadPoolExecutor.java:635)
	at java.base/java.lang.Thread.run(Thread.java:842)
2025.09.25 12:19:38 INFO  no build target found for D:\University\5_1_Subjects\NLP\Lab2\src\main\scala\lab2.scala. Using presentation compiler with project's scala-library version: 3.3.6
2025.09.25 12:19:38 INFO  no build target found for D:\University\5_1_Subjects\NLP\Lab2\src\main\scala\lab2.scala. Using presentation compiler with project's scala-library version: 3.3.6
2025.09.25 12:19:38 INFO  no build target found for D:\University\5_1_Subjects\NLP\Lab2\src\main\scala\lab2.scala. Using presentation compiler with project's scala-library version: 3.3.6
Sep 25, 2025 12:19:39 PM org.eclipse.lsp4j.jsonrpc.RemoteEndpoint handleCancellation
WARNING: Unmatched cancel notification for request id 779
2025.09.25 12:19:38 INFO  no build target found for D:\University\5_1_Subjects\NLP\Lab2\src\main\scala\lab2.scala. Using presentation compiler with project's scala-library version: 3.3.6
Sep 25, 2025 12:19:39 PM org.eclipse.lsp4j.jsonrpc.RemoteEndpoint handleCancellation
WARNING: Unmatched cancel notification for request id 770
2025.09.25 12:19:38 INFO  no build target found for D:\University\5_1_Subjects\NLP\Lab2\src\main\scala\lab2.scala. Using presentation compiler with project's scala-library version: 3.3.6
2025.09.25 12:19:38 INFO  no build target found for D:\University\5_1_Subjects\NLP\Lab2\src\main\scala\lab2.scala. Using presentation compiler with project's scala-library version: 3.3.6
Sep 25, 2025 12:19:39 PM org.eclipse.lsp4j.jsonrpc.RemoteEndpoint handleCancellation
WARNING: Unmatched cancel notification for request id 773
2025.09.25 12:19:38 INFO  no build target found for D:\University\5_1_Subjects\NLP\Lab2\src\main\scala\lab2.scala. Using presentation compiler with project's scala-library version: 3.3.6
2025.09.25 12:19:38 INFO  no build target found for D:\University\5_1_Subjects\NLP\Lab2\src\main\scala\lab2.scala. Using presentation compiler with project's scala-library version: 3.3.6
2025.09.25 12:19:38 INFO  no build target found for D:\University\5_1_Subjects\NLP\Lab2\src\main\scala\lab2.scala. Using presentation compiler with project's scala-library version: 3.3.6
Sep 25, 2025 12:19:39 PM org.eclipse.lsp4j.jsonrpc.RemoteEndpoint handleCancellation
WARNING: Unmatched cancel notification for request id 771
2025.09.25 12:19:38 INFO  no build target found for D:\University\5_1_Subjects\NLP\Lab2\src\main\scala\lab2.scala. Using presentation compiler with project's scala-library version: 3.3.6
2025.09.25 12:19:38 INFO  no build target found for D:\University\5_1_Subjects\NLP\Lab2\src\main\scala\lab2.scala. Using presentation compiler with project's scala-library version: 3.3.6
Sep 25, 2025 12:19:39 PM org.eclipse.lsp4j.jsonrpc.RemoteEndpoint handleCancellation
WARNING: Unmatched cancel notification for request id 786
2025.09.25 12:19:38 INFO  no build target found for D:\University\5_1_Subjects\NLP\Lab2\src\main\scala\lab2.scala. Using presentation compiler with project's scala-library version: 3.3.6
Sep 25, 2025 12:19:39 PM org.eclipse.lsp4j.jsonrpc.RemoteEndpoint handleCancellation
WARNING: Unmatched cancel notification for request id 789
2025.09.25 12:19:38 INFO  no build target found for D:\University\5_1_Subjects\NLP\Lab2\src\main\scala\lab2.scala. Using presentation compiler with project's scala-library version: 3.3.6
2025.09.25 12:19:38 WARN  no build target for: D:\University\5_1_Subjects\NLP\Lab2\src\main\scala\lab2.scala
2025.09.25 12:19:39 INFO  no build target found for D:\University\5_1_Subjects\NLP\Lab2\src\main\scala\lab2.scala. Using presentation compiler with project's scala-library version: 3.3.6
Sep 25, 2025 12:19:39 PM org.eclipse.lsp4j.jsonrpc.RemoteEndpoint handleCancellation
WARNING: Unmatched cancel notification for request id 772
2025.09.25 12:19:38 INFO  no build target found for D:\University\5_1_Subjects\NLP\Lab2\src\main\scala\lab2.scala. Using presentation compiler with project's scala-library version: 3.3.6
Sep 25, 2025 12:19:39 PM org.eclipse.lsp4j.jsonrpc.RemoteEndpoint handleCancellation
WARNING: Unmatched cancel notification for request id 787
Sep 25, 2025 12:19:39 PM org.eclipse.lsp4j.jsonrpc.RemoteEndpoint handleCancellation
WARNING: Unmatched cancel notification for request id 788
Sep 25, 2025 12:19:39 PM org.eclipse.lsp4j.jsonrpc.RemoteEndpoint handleCancellation
WARNING: Unmatched cancel notification for request id 790
Sep 25, 2025 12:19:39 PM org.eclipse.lsp4j.jsonrpc.RemoteEndpoint handleCancellation
WARNING: Unmatched cancel notification for request id 793
Sep 25, 2025 12:19:39 PM org.eclipse.lsp4j.jsonrpc.RemoteEndpoint handleCancellation
WARNING: Unmatched cancel notification for request id 794
2025.09.25 12:19:39 WARN  no build target for: D:\University\5_1_Subjects\NLP\Lab2\build.sbt
2025.09.25 12:19:38 INFO  no build target found for D:\University\5_1_Subjects\NLP\Lab2\build.sbt. Using presentation compiler with project's scala-library version: 3.3.6
Sep 25, 2025 12:19:39 PM org.eclipse.lsp4j.jsonrpc.RemoteEndpoint handleCancellation
WARNING: Unmatched cancel notification for request id 807
2025.09.25 12:19:39 INFO  no build target found for D:\University\5_1_Subjects\NLP\Lab2\build.sbt. Using presentation compiler with project's scala-library version: 3.3.6
Sep 25, 2025 12:19:39 PM org.eclipse.lsp4j.jsonrpc.RemoteEndpoint handleCancellation
WARNING: Unmatched cancel notification for request id 809
Sep 25, 2025 12:19:39 PM org.eclipse.lsp4j.jsonrpc.RemoteEndpoint handleCancellation
WARNING: Unmatched cancel notification for request id 810
Sep 25, 2025 12:19:39 PM org.eclipse.lsp4j.jsonrpc.RemoteEndpoint handleCancellation
WARNING: Unmatched cancel notification for request id 808
Sep 25, 2025 12:19:39 PM org.eclipse.lsp4j.jsonrpc.RemoteEndpoint handleCancellation
WARNING: Unmatched cancel notification for request id 812
2025.09.25 12:19:38 INFO  no build target found for C:\Users\trand\OneDrive\Máy tính\build.sbt. Using presentation compiler with project's scala-library version: 3.3.6
2025.09.25 12:19:38 INFO  no build target found for C:\Users\trand\OneDrive\Máy tính\build.sbt. Using presentation compiler with project's scala-library version: 3.3.6
2025.09.25 12:19:38 INFO  no build target found for C:\Users\trand\OneDrive\Máy tính\build.sbt. Using presentation compiler with project's scala-library version: 3.3.6
Sep 25, 2025 12:19:39 PM org.eclipse.lsp4j.jsonrpc.RemoteEndpoint handleCancellation
WARNING: Unmatched cancel notification for request id 813
2025.09.25 12:19:38 INFO  no build target found for C:\Users\trand\OneDrive\Máy tính\build.sbt. Using presentation compiler with project's scala-library version: 3.3.6
2025.09.25 12:19:38 INFO  no build target found for C:\Users\trand\OneDrive\Máy tính\build.sbt. Using presentation compiler with project's scala-library version: 3.3.6
2025.09.25 12:19:38 INFO  no build target found for C:\Users\trand\OneDrive\Máy tính\build.sbt. Using presentation compiler with project's scala-library version: 3.3.6
2025.09.25 12:19:38 INFO  no build target found for C:\Users\trand\OneDrive\Máy tính\build.sbt. Using presentation compiler with project's scala-library version: 3.3.6
2025.09.25 12:19:39 INFO  no build target found for C:\Users\trand\OneDrive\Máy tính\build.sbt. Using presentation compiler with project's scala-library version: 3.3.6
2025.09.25 12:19:39 INFO  no build target found for C:\Users\trand\OneDrive\Máy tính\build.sbt. Using presentation compiler with project's scala-library version: 3.3.6
2025.09.25 12:19:39 INFO  no build target found for C:\Users\trand\OneDrive\Máy tính\build.sbt. Using presentation compiler with project's scala-library version: 3.3.6
2025.09.25 12:19:38 INFO  no build target found for C:\Users\trand\OneDrive\Máy tính\build.sbt. Using presentation compiler with project's scala-library version: 3.3.6
Sep 25, 2025 12:19:39 PM org.eclipse.lsp4j.jsonrpc.RemoteEndpoint handleCancellation
WARNING: Unmatched cancel notification for request id 818
Sep 25, 2025 12:19:39 PM org.eclipse.lsp4j.jsonrpc.RemoteEndpoint handleCancellation
WARNING: Unmatched cancel notification for request id 820
Sep 25, 2025 12:19:39 PM org.eclipse.lsp4j.jsonrpc.RemoteEndpoint handleCancellation
WARNING: Unmatched cancel notification for request id 814
2025.09.25 12:19:39 INFO  no build target found for C:\Users\trand\OneDrive\Máy tính\build.sbt. Using presentation compiler with project's scala-library version: 3.3.6
2025.09.25 12:19:39 WARN  no build target for: D:\University\5_1_Subjects\NLP\Lab2\build.sbt
2025.09.25 12:19:38 INFO  no build target found for D:\University\5_1_Subjects\NLP\Lab2\build.sbt. Using presentation compiler with project's scala-library version: 3.3.6
Sep 25, 2025 12:19:39 PM org.eclipse.lsp4j.jsonrpc.RemoteEndpoint handleCancellation
WARNING: Unmatched cancel notification for request id 827
2025.09.25 12:19:38 INFO  no build target found for D:\University\5_1_Subjects\NLP\Lab2\build.sbt. Using presentation compiler with project's scala-library version: 3.3.6
2025.09.25 12:19:38 INFO  no build target found for D:\University\5_1_Subjects\NLP\Lab2\build.sbt. Using presentation compiler with project's scala-library version: 3.3.6
2025.09.25 12:19:39 INFO  no build target found for D:\University\5_1_Subjects\NLP\Lab2\build.sbt. Using presentation compiler with project's scala-library version: 3.3.6
2025.09.25 12:19:38 INFO  no build target found for D:\University\5_1_Subjects\NLP\Lab2\build.sbt. Using presentation compiler with project's scala-library version: 3.3.6
Sep 25, 2025 12:19:39 PM org.eclipse.lsp4j.jsonrpc.RemoteEndpoint handleCancellation
WARNING: Unmatched cancel notification for request id 829
Sep 25, 2025 12:19:39 PM org.eclipse.lsp4j.jsonrpc.RemoteEndpoint handleCancellation
WARNING: Unmatched cancel notification for request id 828
2025.09.25 12:19:38 INFO  no build target found for D:\University\5_1_Subjects\NLP\Lab2\build.sbt. Using presentation compiler with project's scala-library version: 3.3.6
Sep 25, 2025 12:19:39 PM org.eclipse.lsp4j.jsonrpc.RemoteEndpoint handleCancellation
WARNING: Unmatched cancel notification for request id 831
Sep 25, 2025 12:19:39 PM org.eclipse.lsp4j.jsonrpc.RemoteEndpoint handleCancellation
WARNING: Unmatched cancel notification for request id 830
Sep 25, 2025 12:19:39 PM org.eclipse.lsp4j.jsonrpc.RemoteEndpoint handleCancellation
WARNING: Unmatched cancel notification for request id 833
2025.09.25 12:19:38 INFO  no build target found for D:\University\5_1_Subjects\NLP\Lab2\build.sbt. Using presentation compiler with project's scala-library version: 3.3.6
2025.09.25 12:19:38 INFO  no build target found for D:\University\5_1_Subjects\NLP\Lab2\build.sbt. Using presentation compiler with project's scala-library version: 3.3.6
2025.09.25 12:19:38 INFO  no build target found for D:\University\5_1_Subjects\NLP\Lab2\build.sbt. Using presentation compiler with project's scala-library version: 3.3.6
2025.09.25 12:19:39 WARN  no build target for: D:\University\5_1_Subjects\NLP\Lab2\build.sbt
2025.09.25 12:19:39 WARN  No build session currently active to reload. Attempting to reconnect.
2025.09.25 12:19:39 INFO  Attempting to connect to the build server...
2025.09.25 12:19:38 INFO  no build target found for D:\University\5_1_Subjects\NLP\Lab2\build.sbt. Using presentation compiler with project's scala-library version: 3.3.6
2025.09.25 12:19:39 INFO  no build target found for D:\University\5_1_Subjects\NLP\Lab2\build.sbt. Using presentation compiler with project's scala-library version: 3.3.6
2025.09.25 12:19:38 INFO  no build target found for D:\University\5_1_Subjects\NLP\Lab2\build.sbt. Using presentation compiler with project's scala-library version: 3.3.6
2025.09.25 12:19:39 INFO  no build target found for D:\University\5_1_Subjects\NLP\Lab2\build.sbt. Using presentation compiler with project's scala-library version: 3.3.6
2025.09.25 12:19:38 INFO  no build target found for C:\Users\trand\OneDrive\Máy tính\build.sbt. Using presentation compiler with project's scala-library version: 3.3.6
Sep 25, 2025 12:19:39 PM org.eclipse.lsp4j.jsonrpc.RemoteEndpoint handleCancellation
WARNING: Unmatched cancel notification for request id 837
Sep 25, 2025 12:19:39 PM org.eclipse.lsp4j.jsonrpc.RemoteEndpoint handleCancellation
WARNING: Unmatched cancel notification for request id 838
Sep 25, 2025 12:19:39 PM org.eclipse.lsp4j.jsonrpc.RemoteEndpoint handleCancellation
WARNING: Unmatched cancel notification for request id 839
Sep 25, 2025 12:19:39 PM org.eclipse.lsp4j.jsonrpc.RemoteEndpoint handleCancellation
WARNING: Unmatched cancel notification for request id 840
Sep 25, 2025 12:19:39 PM org.eclipse.lsp4j.jsonrpc.RemoteEndpoint handleCancellation
WARNING: Unmatched cancel notification for request id 841
Sep 25, 2025 12:19:39 PM org.eclipse.lsp4j.jsonrpc.RemoteEndpoint handleCancellation
WARNING: Unmatched cancel notification for request id 842
Sep 25, 2025 12:19:39 PM org.eclipse.lsp4j.jsonrpc.RemoteEndpoint handleCancellation
WARNING: Unmatched cancel notification for request id 844
Sep 25, 2025 12:19:39 PM org.eclipse.lsp4j.jsonrpc.RemoteEndpoint handleCancellation
WARNING: Unmatched cancel notification for request id 845
2025.09.25 12:19:39 WARN  no build target for: D:\University\5_1_Subjects\NLP\Lab2\src\main\scala\lab2.scala
2025.09.25 12:19:39 INFO  no build target found for D:\University\5_1_Subjects\NLP\Lab2\src\main\scala\lab2.scala. Using presentation compiler with project's scala-library version: 3.3.6
2025.09.25 12:19:39 INFO  no build target found for D:\University\5_1_Subjects\NLP\Lab2\src\main\scala\lab2.scala. Using presentation compiler with project's scala-library version: 3.3.6
2025.09.25 12:19:39 INFO  no build target found for D:\University\5_1_Subjects\NLP\Lab2\src\main\scala\lab2.scala. Using presentation compiler with project's scala-library version: 3.3.6
Sep 25, 2025 12:19:39 PM org.eclipse.lsp4j.jsonrpc.RemoteEndpoint handleCancellation
WARNING: Unmatched cancel notification for request id 849
Sep 25, 2025 12:19:39 PM org.eclipse.lsp4j.jsonrpc.RemoteEndpoint handleCancellation
WARNING: Unmatched cancel notification for request id 856
Sep 25, 2025 12:19:39 PM org.eclipse.lsp4j.jsonrpc.RemoteEndpoint handleCancellation
WARNING: Unmatched cancel notification for request id 858
Sep 25, 2025 12:19:39 PM org.eclipse.lsp4j.jsonrpc.RemoteEndpoint handleCancellation
WARNING: Unmatched cancel notification for request id 860
Sep 25, 2025 12:19:39 PM org.eclipse.lsp4j.jsonrpc.RemoteEndpoint handleCancellation
WARNING: Unmatched cancel notification for request id 862
Sep 25, 2025 12:19:39 PM org.eclipse.lsp4j.jsonrpc.RemoteEndpoint handleCancellation
WARNING: Unmatched cancel notification for request id 864
2025.09.25 12:19:39 INFO  no build target found for D:\University\5_1_Subjects\NLP\Lab2\src\main\scala\lab2.scala. Using presentation compiler with project's scala-library version: 3.3.6
2025.09.25 12:19:39 INFO  no build target found for D:\University\5_1_Subjects\NLP\Lab2\src\main\scala\lab2.scala. Using presentation compiler with project's scala-library version: 3.3.6
2025.09.25 12:19:54 ERROR Failed to connect with build server, no functionality will work.
java.util.concurrent.TimeoutException: Future timed out after [15 seconds]
	at scala.concurrent.impl.Promise$DefaultPromise.tryAwait0(Promise.scala:248)
	at scala.concurrent.impl.Promise$DefaultPromise.result(Promise.scala:261)
	at scala.concurrent.Await$.$anonfun$result$1(package.scala:201)
	at scala.concurrent.BlockContext$DefaultBlockContext$.blockOn(BlockContext.scala:62)
	at scala.concurrent.Await$.result(package.scala:124)
	at scala.meta.internal.metals.MetalsEnrichments$XtensionScalaFuture.$anonfun$withTimeout$1(MetalsEnrichments.scala:296)
	at scala.concurrent.Future$.$anonfun$apply$1(Future.scala:687)
	at scala.concurrent.impl.Promise$Transformation.run(Promise.scala:467)
	at java.util.concurrent.ThreadPoolExecutor.runWorker(ThreadPoolExecutor.java:1136)
	at java.util.concurrent.ThreadPoolExecutor$Worker.run(ThreadPoolExecutor.java:635)
	at java.lang.Thread.run(Thread.java:842)

2025.09.25 12:20:16 ERROR Multiply Scala CLI start calls. Failed for: C:\Users\trand\OneDrive\Máy tính\build.sbt
2025.09.25 12:20:16 INFO  Running List(C:\Program Files\Java\jdk-17\bin\java.exe, -cp, C:\Users\trand\AppData\Local\Coursier\cache\v1\https\repo1.maven.org\maven2\org\virtuslab\scala-cli\cli_3\1.8.5\cli_3-1.8.5.jar;C:\Users\trand\AppData\Local\Coursier\cache\v1\https\repo1.maven.org\maven2\com\github\alexarchambault\case-app_3\2.1.0-M30\case-app_3-2.1.0-M30.jar;C:\Users\trand\AppData\Local\Coursier\cache\v1\https\repo1.maven.org\maven2\io\get-coursier\coursier-launcher_2.13\2.1.24\coursier-launcher_2.13-2.1.24.jar;C:\Users\trand\AppData\Local\Coursier\cache\v1\https\repo1.maven.org\maven2\io\get-coursier\coursier-proxy-setup\2.1.24\coursier-proxy-setup-2.1.24.jar;C:\Users\trand\AppData\Local\Coursier\cache\v1\https\repo1.maven.org\maven2\io\get-coursier\publish\publish_3\0.4.3\publish_3-0.4.3.jar;C:\Users\trand\AppData\Local\Coursier\cache\v1\https\repo1.maven.org\maven2\com\google\jimfs\jimfs\1.3.1\jimfs-1.3.1.jar;C:\Users\trand\AppData\Local\Coursier\cache\v1\https\repo1.maven.org\maven2\io\get-coursier\jniutils\windows-jni-utils\0.3.3\windows-jni-utils-0.3.3.jar;C:\Users\trand\AppData\Local\Coursier\cache\v1\https\repo1.maven.org\maven2\com\github\plokhotnyuk\jsoniter-scala\jsoniter-scala-core_3\2.13.5.2\jsoniter-scala-core_3-2.13.5.2.jar;C:\Users\trand\AppData\Local\Coursier\cache\v1\https\repo1.maven.org\maven2\org\virtuslab\scala-cli\libsodiumjni\0.0.4\libsodiumjni-0.0.4.jar;C:\Users\trand\AppData\Local\Coursier\cache\v1\https\repo1.maven.org\maven2\org\scalameta\metaconfig-typesafe-config_3\0.16.0\metaconfig-typesafe-config_3-0.16.0.jar;C:\Users\trand\AppData\Local\Coursier\cache\v1\https\repo1.maven.org\maven2\ai\kien\python-native-libs_3\0.2.4\python-native-libs_3-0.2.4.jar;C:\Users\trand\AppData\Local\Coursier\cache\v1\https\repo1.maven.org\maven2\org\virtuslab\scala-packager_2.13\0.1.33\scala-packager_2.13-0.1.33.jar;C:\Users\trand\AppData\Local\Coursier\cache\v1\https\repo1.maven.org\maven2\org\virtuslab\scala-cli-signing\cli_3\0.2.11\cli_3-0.2.11.jar;C:\Users\trand\AppData\Local\Coursier\cache\v1\https\repo1.maven.org\maven2\org\slf4j\slf4j-nop\2.0.17\slf4j-nop-2.0.17.jar;C:\Users\trand\AppData\Local\Coursier\cache\v1\https\repo1.maven.org\maven2\com\softwaremill\sttp\client3\core_3\3.11.0\core_3-3.11.0.jar;C:\Users\trand\AppData\Local\Coursier\cache\v1\https\repo1.maven.org\maven2\ch\epfl\scala\scalafix-interfaces\0.14.3\scalafix-interfaces-0.14.3.jar;C:\Users\trand\AppData\Local\Coursier\cache\v1\https\repo1.maven.org\maven2\org\scala-lang\scala3-library_3\3.3.6\scala3-library_3-3.3.6.jar;C:\Users\trand\AppData\Local\Coursier\cache\v1\https\repo1.maven.org\maven2\org\virtuslab\scala-cli\build-module_3\1.8.5\build-module_3-1.8.5.jar;C:\Users\trand\AppData\Local\Coursier\cache\v1\https\repo1.maven.org\maven2\org\virtuslab\scala-cli\config_3\1.8.5\config_3-1.8.5.jar;C:\Users\trand\AppData\Local\Coursier\cache\v1\https\repo1.maven.org\maven2\org\virtuslab\scala-cli\scala3-graal_3\1.8.5\scala3-graal_3-1.8.5.jar;C:\Users\trand\AppData\Local\Coursier\cache\v1\https\repo1.maven.org\maven2\org\virtuslab\scala-cli\specification-level_3\1.8.5\specification-level_3-1.8.5.jar;C:\Users\trand\AppData\Local\Coursier\cache\v1\https\repo1.maven.org\maven2\com\lihaoyi\sourcecode_3\0.4.3-M5\sourcecode_3-0.4.3-M5.jar;C:\Users\trand\AppData\Local\Coursier\cache\v1\https\repo1.maven.org\maven2\com\github\alexarchambault\case-app-annotations_3\2.1.0-M30\case-app-annotations_3-2.1.0-M30.jar;C:\Users\trand\AppData\Local\Coursier\cache\v1\https\repo1.maven.org\maven2\com\github\alexarchambault\case-app-util_3\2.1.0-M30\case-app-util_3-2.1.0-M30.jar;C:\Users\trand\AppData\Local\Coursier\cache\v1\https\repo1.maven.org\maven2\io\github\alexarchambault\scala-cli\tmp\zip-input-stream\0.1.1\zip-input-stream-0.1.1.jar;C:\Users\trand\AppData\Local\Coursier\cache\v1\https\repo1.maven.org\maven2\org\scala-lang\scala-library\2.13.16\scala-library-2.13.16.jar;C:\Users\trand\AppData\Local\Coursier\cache\v1\https\repo1.maven.org\maven2\io\get-coursier\coursier-cache_2.13\2.1.24\coursier-cache_2.13-2.1.24.jar;C:\Users\trand\AppData\Local\Coursier\cache\v1\https\repo1.maven.org\maven2\io\get-coursier\coursier-core_2.13\2.1.24\coursier-core_2.13-2.1.24.jar;C:\Users\trand\AppData\Local\Coursier\cache\v1\https\repo1.maven.org\maven2\com\google\guava\guava\33.4.8-jre\guava-33.4.8-jre.jar;C:\Users\trand\AppData\Local\Coursier\cache\v1\https\repo1.maven.org\maven2\net\java\dev\jna\jna\5.13.0\jna-5.13.0.jar;C:\Users\trand\AppData\Local\Coursier\cache\v1\https\repo1.maven.org\maven2\net\java\dev\jna\jna-platform\5.12.1\jna-platform-5.12.1.jar;C:\Users\trand\AppData\Local\Coursier\cache\v1\https\repo1.maven.org\maven2\org\scalameta\metaconfig-core_3\0.16.0\metaconfig-core_3-0.16.0.jar;C:\Users\trand\AppData\Local\Coursier\cache\v1\https\repo1.maven.org\maven2\com\typesafe\config\1.4.3\config-1.4.3.jar;C:\Users\trand\AppData\Local\Coursier\cache\v1\https\repo1.maven.org\maven2\org\scala-lang\modules\scala-collection-compat_3\2.13.0\scala-collection-compat_3-2.13.0.jar;C:\Users\trand\AppData\Local\Coursier\cache\v1\https\repo1.maven.org\maven2\commons-io\commons-io\2.19.0\commons-io-2.19.0.jar;C:\Users\trand\AppData\Local\Coursier\cache\v1\https\repo1.maven.org\maven2\com\google\cloud\tools\jib-core\0.27.3\jib-core-0.27.3.jar;C:\Users\trand\AppData\Local\Coursier\cache\v1\https\repo1.maven.org\maven2\org\bouncycastle\bcpg-jdk18on\1.81\bcpg-jdk18on-1.81.jar;C:\Users\trand\AppData\Local\Coursier\cache\v1\https\repo1.maven.org\maven2\org\bouncycastle\bcutil-jdk18on\1.81\bcutil-jdk18on-1.81.jar;C:\Users\trand\AppData\Local\Coursier\cache\v1\https\repo1.maven.org\maven2\org\virtuslab\scala-cli-signing\shared_3\0.2.11\shared_3-0.2.11.jar;C:\Users\trand\AppData\Local\Coursier\cache\v1\https\repo1.maven.org\maven2\org\slf4j\slf4j-api\2.0.17\slf4j-api-2.0.17.jar;C:\Users\trand\AppData\Local\Coursier\cache\v1\https\repo1.maven.org\maven2\com\softwaremill\sttp\model\core_3\1.7.11\core_3-1.7.11.jar;C:\Users\trand\AppData\Local\Coursier\cache\v1\https\repo1.maven.org\maven2\com\softwaremill\sttp\shared\core_3\1.3.22\core_3-1.3.22.jar;C:\Users\trand\AppData\Local\Coursier\cache\v1\https\repo1.maven.org\maven2\com\softwaremill\sttp\shared\ws_3\1.3.22\ws_3-1.3.22.jar;C:\Users\trand\AppData\Local\Coursier\cache\v1\https\repo1.maven.org\maven2\io\get-coursier\interface\1.0.28\interface-1.0.28.jar;C:\Users\trand\AppData\Local\Coursier\cache\v1\https\repo1.maven.org\maven2\org\ow2\asm\asm\9.8\asm-9.8.jar;C:\Users\trand\AppData\Local\Coursier\cache\v1\https\repo1.maven.org\maven2\org\virtuslab\scala-cli\java-class-name\java-class-name_3\0.1.8\java-class-name_3-0.1.8.jar;C:\Users\trand\AppData\Local\Coursier\cache\v1\https\repo1.maven.org\maven2\org\scalameta\semanticdb-shared_2.13\4.13.9\semanticdb-shared_2.13-4.13.9.jar;C:\Users\trand\AppData\Local\Coursier\cache\v1\https\repo1.maven.org\maven2\org\scala-native\test-runner_3\0.5.8\test-runner_3-0.5.8.jar;C:\Users\trand\AppData\Local\Coursier\cache\v1\https\repo1.maven.org\maven2\com\lihaoyi\os-lib_3\0.11.5\os-lib_3-0.11.5.jar;C:\Users\trand\AppData\Local\Coursier\cache\v1\https\repo1.maven.org\maven2\com\lihaoyi\pprint_3\0.9.3\pprint_3-0.9.3.jar;C:\Users\trand\AppData\Local\Coursier\cache\v1\https\repo1.maven.org\maven2\org\scala-js\scalajs-env-nodejs_2.13\1.4.0\scalajs-env-nodejs_2.13-1.4.0.jar;C:\Users\trand\AppData\Local\Coursier\cache\v1\https\repo1.maven.org\maven2\org\scala-js\scalajs-sbt-test-adapter_2.13\1.19.0\scalajs-sbt-test-adapter_2.13-1.19.0.jar;C:\Users\trand\AppData\Local\Coursier\cache\v1\https\repo1.maven.org\maven2\com\swoval\file-tree-views\2.1.12\file-tree-views-2.1.12.jar;C:\Users\trand\AppData\Local\Coursier\cache\v1\https\repo1.maven.org\maven2\org\virtuslab\scala-cli\zip-input-stream\zip-input-stream\0.1.3\zip-input-stream-0.1.3.jar;C:\Users\trand\AppData\Local\Coursier\cache\v1\https\repo1.maven.org\maven2\org\virtuslab\scala-cli\options_3\1.8.5\options_3-1.8.5.jar;C:\Users\trand\AppData\Local\Coursier\cache\v1\https\repo1.maven.org\maven2\org\virtuslab\scala-cli\directives_3\1.8.5\directives_3-1.8.5.jar;C:\Users\trand\AppData\Local\Coursier\cache\v1\https\repo1.maven.org\maven2\org\virtuslab\scala-cli\scala-cli-bsp\1.8.5\scala-cli-bsp-1.8.5.jar;C:\Users\trand\AppData\Local\Coursier\cache\v1\https\repo1.maven.org\maven2\org\virtuslab\scala-cli\test-runner_3\1.8.5\test-runner_3-1.8.5.jar;C:\Users\trand\AppData\Local\Coursier\cache\v1\https\repo1.maven.org\maven2\org\virtuslab\scala-cli\tasty-lib_3\1.8.5\tasty-lib_3-1.8.5.jar;C:\Users\trand\AppData\Local\Coursier\cache\v1\https\repo1.maven.org\maven2\io\github\alexarchambault\is-terminal\0.1.1\is-terminal-0.1.1.jar;C:\Users\trand\AppData\Local\Coursier\cache\v1\https\repo1.maven.org\maven2\org\codehaus\plexus\plexus-archiver\4.10.0\plexus-archiver-4.10.0.jar;C:\Users\trand\AppData\Local\Coursier\cache\v1\https\repo1.maven.org\maven2\org\codehaus\plexus\plexus-container-default\2.1.1\plexus-container-default-2.1.1.jar;C:\Users\trand\AppData\Local\Coursier\cache\v1\https\repo1.maven.org\maven2\io\github\alexarchambault\windows-ansi\windows-ansi\0.0.6\windows-ansi-0.0.6.jar;C:\Users\trand\AppData\Local\Coursier\cache\v1\https\repo1.maven.org\maven2\io\get-coursier\cache-util\2.1.24\cache-util-2.1.24.jar;C:\Users\trand\AppData\Local\Coursier\cache\v1\https\repo1.maven.org\maven2\io\get-coursier\coursier-util_2.13\2.1.24\coursier-util_2.13-2.1.24.jar;C:\Users\trand\AppData\Local\Coursier\cache\v1\https\repo1.maven.org\maven2\io\github\alexarchambault\concurrent-reference-hash-map\1.1.0\concurrent-reference-hash-map-1.1.0.jar;C:\Users\trand\AppData\Local\Coursier\cache\v1\https\repo1.maven.org\maven2\org\scala-lang\modules\scala-xml_2.13\2.3.0\scala-xml_2.13-2.3.0.jar;C:\Users\trand\AppData\Local\Coursier\cache\v1\https\repo1.maven.org\maven2\com\google\guava\failureaccess\1.0.3\failureaccess-1.0.3.jar;C:\Users\trand\AppData\Local\Coursier\cache\v1\https\repo1.maven.org\maven2\com\google\guava\listenablefuture\9999.0-empty-to-avoid-conflict-with-guava\listenablefuture-9999.0-empty-to-avoid-conflict-with-guava.jar;C:\Users\trand\AppData\Local\Coursier\cache\v1\https\repo1.maven.org\maven2\org\jspecify\jspecify\1.0.0\jspecify-1.0.0.jar;C:\Users\trand\AppData\Local\Coursier\cache\v1\https\repo1.maven.org\maven2\com\google\errorprone\error_prone_annotations\2.36.0\error_prone_annotations-2.36.0.jar;C:\Users\trand\AppData\Local\Coursier\cache\v1\https\repo1.maven.org\maven2\com\google\j2objc\j2objc-annotations\3.0.0\j2objc-annotations-3.0.0.jar;C:\Users\trand\AppData\Local\Coursier\cache\v1\https\repo1.maven.org\maven2\org\scalameta\metaconfig-pprint_3\0.16.0\metaconfig-pprint_3-0.16.0.jar;C:\Users\trand\AppData\Local\Coursier\cache\v1\https\repo1.maven.org\maven2\org\typelevel\paiges-core_3\0.4.4\paiges-core_3-0.4.4.jar;C:\Users\trand\AppData\Local\Coursier\cache\v1\https\repo1.maven.org\maven2\org\scala-lang\scala-reflect\2.13.16\scala-reflect-2.13.16.jar;C:\Users\trand\AppData\Local\Coursier\cache\v1\https\repo1.maven.org\maven2\com\google\cloud\tools\jib-build-plan\0.4.0\jib-build-plan-0.4.0.jar;C:\Users\trand\AppData\Local\Coursier\cache\v1\https\repo1.maven.org\maven2\com\google\http-client\google-http-client\1.42.2\google-http-client-1.42.2.jar;C:\Users\trand\AppData\Local\Coursier\cache\v1\https\repo1.maven.org\maven2\com\google\http-client\google-http-client-apache-v2\1.42.2\google-http-client-apache-v2-1.42.2.jar;C:\Users\trand\AppData\Local\Coursier\cache\v1\https\repo1.maven.org\maven2\com\google\auth\google-auth-library-oauth2-http\1.10.0\google-auth-library-oauth2-http-1.10.0.jar;C:\Users\trand\AppData\Local\Coursier\cache\v1\https\repo1.maven.org\maven2\org\apache\commons\commons-compress\1.26.2\commons-compress-1.26.2.jar;C:\Users\trand\AppData\Local\Coursier\cache\v1\https\repo1.maven.org\maven2\com\fasterxml\jackson\core\jackson-databind\2.15.2\jackson-databind-2.15.2.jar;C:\Users\trand\AppData\Local\Coursier\cache\v1\https\repo1.maven.org\maven2\com\fasterxml\jackson\datatype\jackson-datatype-jsr310\2.15.2\jackson-datatype-jsr310-2.15.2.jar;C:\Users\trand\AppData\Local\Coursier\cache\v1\https\repo1.maven.org\maven2\org\bouncycastle\bcprov-jdk18on\1.81\bcprov-jdk18on-1.81.jar;C:\Users\trand\AppData\Local\Coursier\cache\v1\https\repo1.maven.org\maven2\org\jline\jline-terminal-jni\3.25.0\jline-terminal-jni-3.25.0.jar;C:\Users\trand\AppData\Local\Coursier\cache\v1\https\repo1.maven.org\maven2\org\jline\jline-native\3.25.0\jline-native-3.25.0.jar;C:\Users\trand\AppData\Local\Coursier\cache\v1\https\repo1.maven.org\maven2\org\scala-lang\scala3-compiler_3\3.3.6\scala3-compiler_3-3.3.6.jar;C:\Users\trand\AppData\Local\Coursier\cache\v1\https\repo1.maven.org\maven2\org\scalameta\scalameta_2.13\4.13.9\scalameta_2.13-4.13.9.jar;C:\Users\trand\AppData\Local\Coursier\cache\v1\https\repo1.maven.org\maven2\org\scala-lang\scalap\2.13.13\scalap-2.13.13.jar;C:\Users\trand\AppData\Local\Coursier\cache\v1\https\repo1.maven.org\maven2\com\thesamet\scalapb\scalapb-runtime_2.13\0.11.15\scalapb-runtime_2.13-0.11.15.jar;C:\Users\trand\AppData\Local\Coursier\cache\v1\https\repo1.maven.org\maven2\org\scala-native\tools_3\0.5.8\tools_3-0.5.8.jar;C:\Users\trand\AppData\Local\Coursier\cache\v1\https\repo1.maven.org\maven2\org\scala-sbt\test-interface\1.0\test-interface-1.0.jar;C:\Users\trand\AppData\Local\Coursier\cache\v1\https\repo1.maven.org\maven2\com\github\sbt\junit-interface\0.13.3\junit-interface-0.13.3.jar;C:\Users\trand\AppData\Local\Coursier\cache\v1\https\repo1.maven.org\maven2\junit\junit\4.13.2\junit-4.13.2.jar;C:\Users\trand\AppData\Local\Coursier\cache\v1\https\repo1.maven.org\maven2\com\lihaoyi\geny_3\1.1.1\geny_3-1.1.1.jar;C:\Users\trand\AppData\Local\Coursier\cache\v1\https\repo1.maven.org\maven2\com\lihaoyi\os-zip\0.11.5\os-zip-0.11.5.jar;C:\Users\trand\AppData\Local\Coursier\cache\v1\https\repo1.maven.org\maven2\com\lihaoyi\fansi_3\0.5.1\fansi_3-0.5.1.jar;C:\Users\trand\AppData\Local\Coursier\cache\v1\https\repo1.maven.org\maven2\org\scala-js\scalajs-js-envs_2.13\1.4.0\scalajs-js-envs_2.13-1.4.0.jar;C:\Users\trand\AppData\Local\Coursier\cache\v1\https\repo1.maven.org\maven2\ch\epfl\scala\bloop-config_2.13\2.3.2\bloop-config_2.13-2.3.2.jar;C:\Users\trand\AppData\Local\Coursier\cache\v1\https\repo1.maven.org\maven2\org\virtuslab\scala-cli\core_3\1.8.5\core_3-1.8.5.jar;C:\Users\trand\AppData\Local\Coursier\cache\v1\https\repo1.maven.org\maven2\org\virtuslab\using_directives\1.1.4\using_directives-1.1.4.jar;C:\Users\trand\AppData\Local\Coursier\cache\v1\https\repo1.maven.org\maven2\org\virtuslab\scala-cli\build-macros_3\1.8.5\build-macros_3-1.8.5.jar;C:\Users\trand\AppData\Local\Coursier\cache\v1\https\repo1.maven.org\maven2\ch\epfl\scala\bsp4j\2.1.1\bsp4j-2.1.1.jar;C:\Users\trand\AppData\Local\Coursier\cache\v1\https\repo1.maven.org\maven2\javax\inject\javax.inject\1\javax.inject-1.jar;C:\Users\trand\AppData\Local\Coursier\cache\v1\https\repo1.maven.org\maven2\org\codehaus\plexus\plexus-utils\4.0.1\plexus-utils-4.0.1.jar;C:\Users\trand\AppData\Local\Coursier\cache\v1\https\repo1.maven.org\maven2\org\codehaus\plexus\plexus-io\3.5.0\plexus-io-3.5.0.jar;C:\Users\trand\AppData\Local\Coursier\cache\v1\https\repo1.maven.org\maven2\io\airlift\aircompressor\0.27\aircompressor-0.27.jar;C:\Users\trand\AppData\Local\Coursier\cache\v1\https\repo1.maven.org\maven2\org\tukaani\xz\1.9\xz-1.9.jar;C:\Users\trand\AppData\Local\Coursier\cache\v1\https\repo1.maven.org\maven2\com\github\luben\zstd-jni\1.5.6-3\zstd-jni-1.5.6-3.jar;C:\Users\trand\AppData\Local\Coursier\cache\v1\https\repo1.maven.org\maven2\org\codehaus\plexus\plexus-classworlds\2.6.0\plexus-classworlds-2.6.0.jar;C:\Users\trand\AppData\Local\Coursier\cache\v1\https\repo1.maven.org\maven2\org\apache\xbean\xbean-reflect\3.7\xbean-reflect-3.7.jar;C:\Users\trand\AppData\Local\Coursier\cache\v1\https\repo1.maven.org\maven2\org\fusesource\jansi\jansi\2.4.1\jansi-2.4.1.jar;C:\Users\trand\AppData\Local\Coursier\cache\v1\https\repo1.maven.org\maven2\org\apache\httpcomponents\httpclient\4.5.13\httpclient-4.5.13.jar;C:\Users\trand\AppData\Local\Coursier\cache\v1\https\repo1.maven.org\maven2\org\apache\httpcomponents\httpcore\4.4.15\httpcore-4.4.15.jar;C:\Users\trand\AppData\Local\Coursier\cache\v1\https\repo1.maven.org\maven2\com\google\code\findbugs\jsr305\3.0.2\jsr305-3.0.2.jar;C:\Users\trand\AppData\Local\Coursier\cache\v1\https\repo1.maven.org\maven2\io\opencensus\opencensus-api\0.31.1\opencensus-api-0.31.1.jar;C:\Users\trand\AppData\Local\Coursier\cache\v1\https\repo1.maven.org\maven2\io\opencensus\opencensus-contrib-http-util\0.31.1\opencensus-contrib-http-util-0.31.1.jar;C:\Users\trand\AppData\Local\Coursier\cache\v1\https\repo1.maven.org\maven2\com\google\auto\value\auto-value-annotations\1.9\auto-value-annotations-1.9.jar;C:\Users\trand\AppData\Local\Coursier\cache\v1\https\repo1.maven.org\maven2\com\google\auth\google-auth-library-credentials\1.10.0\google-auth-library-credentials-1.10.0.jar;C:\Users\trand\AppData\Local\Coursier\cache\v1\https\repo1.maven.org\maven2\com\google\http-client\google-http-client-gson\1.42.2\google-http-client-gson-1.42.2.jar;C:\Users\trand\AppData\Local\Coursier\cache\v1\https\repo1.maven.org\maven2\commons-codec\commons-codec\1.17.0\commons-codec-1.17.0.jar;C:\Users\trand\AppData\Local\Coursier\cache\v1\https\repo1.maven.org\maven2\org\apache\commons\commons-lang3\3.14.0\commons-lang3-3.14.0.jar;C:\Users\trand\AppData\Local\Coursier\cache\v1\https\repo1.maven.org\maven2\com\fasterxml\jackson\core\jackson-annotations\2.15.2\jackson-annotations-2.15.2.jar;C:\Users\trand\AppData\Local\Coursier\cache\v1\https\repo1.maven.org\maven2\com\fasterxml\jackson\core\jackson-core\2.15.2\jackson-core-2.15.2.jar;C:\Users\trand\AppData\Local\Coursier\cache\v1\https\repo1.maven.org\maven2\org\scala-lang\scala3-interfaces\3.3.6\scala3-interfaces-3.3.6.jar;C:\Users\trand\AppData\Local\Coursier\cache\v1\https\repo1.maven.org\maven2\org\scala-lang\tasty-core_3\3.3.6\tasty-core_3-3.3.6.jar;C:\Users\trand\AppData\Local\Coursier\cache\v1\https\repo1.maven.org\maven2\org\scala-lang\modules\scala-asm\9.8.0-scala-1\scala-asm-9.8.0-scala-1.jar;C:\Users\trand\AppData\Local\Coursier\cache\v1\https\repo1.maven.org\maven2\org\scala-sbt\compiler-interface\1.10.4\compiler-interface-1.10.4.jar;C:\Users\trand\AppData\Local\Coursier\cache\v1\https\repo1.maven.org\maven2\org\scalameta\parsers_2.13\4.13.9\parsers_2.13-4.13.9.jar;C:\Users\trand\AppData\Local\Coursier\cache\v1\https\repo1.maven.org\maven2\org\scala-lang\scala-compiler\2.13.13\scala-compiler-2.13.13.jar;C:\Users\trand\AppData\Local\Coursier\cache\v1\https\repo1.maven.org\maven2\com\thesamet\scalapb\lenses_2.13\0.11.15\lenses_2.13-0.11.15.jar;C:\Users\trand\AppData\Local\Coursier\cache\v1\https\repo1.maven.org\maven2\com\google\protobuf\protobuf-java\3.19.6\protobuf-java-3.19.6.jar;C:\Users\trand\AppData\Local\Coursier\cache\v1\https\repo1.maven.org\maven2\org\scala-native\nir_3\0.5.8\nir_3-0.5.8.jar;C:\Users\trand\AppData\Local\Coursier\cache\v1\https\repo1.maven.org\maven2\org\scala-native\util_3\0.5.8\util_3-0.5.8.jar;C:\Users\trand\AppData\Local\Coursier\cache\v1\https\repo1.maven.org\maven2\org\hamcrest\hamcrest-core\1.3\hamcrest-core-1.3.jar;C:\Users\trand\AppData\Local\Coursier\cache\v1\https\repo1.maven.org\maven2\org\scala-js\scalajs-logging_2.13\1.1.1\scalajs-logging_2.13-1.1.1.jar;C:\Users\trand\AppData\Local\Coursier\cache\v1\https\repo1.maven.org\maven2\com\lihaoyi\unroll-annotation_2.13\0.1.12\unroll-annotation_2.13-0.1.12.jar;C:\Users\trand\AppData\Local\Coursier\cache\v1\https\repo1.maven.org\maven2\ch\epfl\scala\bloop-rifle_2.13\2.0.13\bloop-rifle_2.13-2.0.13.jar;C:\Users\trand\AppData\Local\Coursier\cache\v1\https\repo1.maven.org\maven2\io\get-coursier\coursier-jvm_2.13\2.1.24\coursier-jvm_2.13-2.1.24.jar;C:\Users\trand\AppData\Local\Coursier\cache\v1\https\repo1.maven.org\maven2\io\get-coursier\dependency_3\0.3.2\dependency_3-0.3.2.jar;C:\Users\trand\AppData\Local\Coursier\cache\v1\https\repo1.maven.org\maven2\org\eclipse\jgit\org.eclipse.jgit\6.8.0.202311291450-r\org.eclipse.jgit-6.8.0.202311291450-r.jar;C:\Users\trand\AppData\Local\Coursier\cache\v1\https\repo1.maven.org\maven2\org\scala-js\scalajs-env-jsdom-nodejs_2.13\1.1.0\scalajs-env-jsdom-nodejs_2.13-1.1.0.jar;C:\Users\trand\AppData\Local\Coursier\cache\v1\https\repo1.maven.org\maven2\org\eclipse\lsp4j\org.eclipse.lsp4j.generator\0.20.1\org.eclipse.lsp4j.generator-0.20.1.jar;C:\Users\trand\AppData\Local\Coursier\cache\v1\https\repo1.maven.org\maven2\org\eclipse\lsp4j\org.eclipse.lsp4j.jsonrpc\0.20.1\org.eclipse.lsp4j.jsonrpc-0.20.1.jar;C:\Users\trand\AppData\Local\Coursier\cache\v1\https\repo1.maven.org\maven2\commons-logging\commons-logging\1.2\commons-logging-1.2.jar;C:\Users\trand\AppData\Local\Coursier\cache\v1\https\repo1.maven.org\maven2\io\grpc\grpc-context\1.27.2\grpc-context-1.27.2.jar;C:\Users\trand\AppData\Local\Coursier\cache\v1\https\repo1.maven.org\maven2\com\google\code\gson\gson\2.10.1\gson-2.10.1.jar;C:\Users\trand\AppData\Local\Coursier\cache\v1\https\repo1.maven.org\maven2\org\scala-sbt\util-interface\1.10.4\util-interface-1.10.4.jar;C:\Users\trand\AppData\Local\Coursier\cache\v1\https\repo1.maven.org\maven2\org\scalameta\trees_2.13\4.13.9\trees_2.13-4.13.9.jar;C:\Users\trand\AppData\Local\Coursier\cache\v1\https\repo1.maven.org\maven2\io\github\java-diff-utils\java-diff-utils\4.12\java-diff-utils-4.12.jar;C:\Users\trand\AppData\Local\Coursier\cache\v1\https\repo1.maven.org\maven2\ch\epfl\scala\libdaemon_2.13\0.0.12\libdaemon_2.13-0.0.12.jar;C:\Users\trand\AppData\Local\Coursier\cache\v1\https\repo1.maven.org\maven2\io\github\alexarchambault\scala-cli\snailgun\snailgun-core_2.13\0.4.1-sc2\snailgun-core_2.13-0.4.1-sc2.jar;C:\Users\trand\AppData\Local\Coursier\cache\v1\https\repo1.maven.org\maven2\io\get-coursier\coursier_2.13\2.1.24\coursier_2.13-2.1.24.jar;C:\Users\trand\AppData\Local\Coursier\cache\v1\https\repo1.maven.org\maven2\io\get-coursier\coursier-env_2.13\2.1.24\coursier-env_2.13-2.1.24.jar;C:\Users\trand\AppData\Local\Coursier\cache\v1\https\repo1.maven.org\maven2\com\googlecode\javaewah\JavaEWAH\1.2.3\JavaEWAH-1.2.3.jar;C:\Users\trand\AppData\Local\Coursier\cache\v1\https\repo1.maven.org\maven2\org\eclipse\xtend\org.eclipse.xtend.lib\2.28.0\org.eclipse.xtend.lib-2.28.0.jar;C:\Users\trand\AppData\Local\Coursier\cache\v1\https\repo1.maven.org\maven2\org\scalameta\common_2.13\4.13.9\common_2.13-4.13.9.jar;C:\Users\trand\AppData\Local\Coursier\cache\v1\https\repo1.maven.org\maven2\org\scalameta\io_2.13\4.13.9\io_2.13-4.13.9.jar;C:\Users\trand\AppData\Local\Coursier\cache\v1\https\repo1.maven.org\maven2\org\eclipse\xtext\org.eclipse.xtext.xbase.lib\2.28.0\org.eclipse.xtext.xbase.lib-2.28.0.jar;C:\Users\trand\AppData\Local\Coursier\cache\v1\https\repo1.maven.org\maven2\org\eclipse\xtend\org.eclipse.xtend.lib.macro\2.28.0\org.eclipse.xtend.lib.macro-2.28.0.jar, scala.cli.ScalaCli, bsp, --workspace, C:\Users\trand\AppData\Local\Temp\metals-scala-cli12055644427132000387, --semantic-db-source-root, C:\Users\trand\OneDrive\Máy tính, C:\Users\trand\OneDrive\Máy tính\build.sbt)
2025.09.25 12:20:16 WARN  no build target for: C:\Users\trand\OneDrive\Máy tính\build.sbt
2025.09.25 12:20:16 INFO  no build target found for D:\University\5_1_Subjects\NLP\Lab2\src\main\scala\lab2.scala. Using presentation compiler with project's scala-library version: 3.3.6
2025.09.25 12:20:16 INFO  tracing is disabled for protocol BSP, to enable tracing of incoming and outgoing JSON messages create an empty file at C:\Users\trand\OneDrive\Máy tính\.metals\bsp.trace.json or C:\Users\trand\AppData\Local\scalameta\metals\cache\bsp.trace.json
2025.09.25 12:20:17 INFO  Scala CLI: [error]  C:\Users\trand\OneDrive\Máy tính\build.sbt: unrecognized source type (expected .scala or .sc extension, or a directory).
2025.09.25 12:21:16 ERROR Timeout waiting for 'build/initialize' response
2025.09.25 12:21:16 WARN  Retrying connection to the build server Scala CLI
2025.09.25 12:21:16 INFO  Running List(C:\Program Files\Java\jdk-17\bin\java.exe, -cp, C:\Users\trand\AppData\Local\Coursier\cache\v1\https\repo1.maven.org\maven2\org\virtuslab\scala-cli\cli_3\1.8.5\cli_3-1.8.5.jar;C:\Users\trand\AppData\Local\Coursier\cache\v1\https\repo1.maven.org\maven2\com\github\alexarchambault\case-app_3\2.1.0-M30\case-app_3-2.1.0-M30.jar;C:\Users\trand\AppData\Local\Coursier\cache\v1\https\repo1.maven.org\maven2\io\get-coursier\coursier-launcher_2.13\2.1.24\coursier-launcher_2.13-2.1.24.jar;C:\Users\trand\AppData\Local\Coursier\cache\v1\https\repo1.maven.org\maven2\io\get-coursier\coursier-proxy-setup\2.1.24\coursier-proxy-setup-2.1.24.jar;C:\Users\trand\AppData\Local\Coursier\cache\v1\https\repo1.maven.org\maven2\io\get-coursier\publish\publish_3\0.4.3\publish_3-0.4.3.jar;C:\Users\trand\AppData\Local\Coursier\cache\v1\https\repo1.maven.org\maven2\com\google\jimfs\jimfs\1.3.1\jimfs-1.3.1.jar;C:\Users\trand\AppData\Local\Coursier\cache\v1\https\repo1.maven.org\maven2\io\get-coursier\jniutils\windows-jni-utils\0.3.3\windows-jni-utils-0.3.3.jar;C:\Users\trand\AppData\Local\Coursier\cache\v1\https\repo1.maven.org\maven2\com\github\plokhotnyuk\jsoniter-scala\jsoniter-scala-core_3\2.13.5.2\jsoniter-scala-core_3-2.13.5.2.jar;C:\Users\trand\AppData\Local\Coursier\cache\v1\https\repo1.maven.org\maven2\org\virtuslab\scala-cli\libsodiumjni\0.0.4\libsodiumjni-0.0.4.jar;C:\Users\trand\AppData\Local\Coursier\cache\v1\https\repo1.maven.org\maven2\org\scalameta\metaconfig-typesafe-config_3\0.16.0\metaconfig-typesafe-config_3-0.16.0.jar;C:\Users\trand\AppData\Local\Coursier\cache\v1\https\repo1.maven.org\maven2\ai\kien\python-native-libs_3\0.2.4\python-native-libs_3-0.2.4.jar;C:\Users\trand\AppData\Local\Coursier\cache\v1\https\repo1.maven.org\maven2\org\virtuslab\scala-packager_2.13\0.1.33\scala-packager_2.13-0.1.33.jar;C:\Users\trand\AppData\Local\Coursier\cache\v1\https\repo1.maven.org\maven2\org\virtuslab\scala-cli-signing\cli_3\0.2.11\cli_3-0.2.11.jar;C:\Users\trand\AppData\Local\Coursier\cache\v1\https\repo1.maven.org\maven2\org\slf4j\slf4j-nop\2.0.17\slf4j-nop-2.0.17.jar;C:\Users\trand\AppData\Local\Coursier\cache\v1\https\repo1.maven.org\maven2\com\softwaremill\sttp\client3\core_3\3.11.0\core_3-3.11.0.jar;C:\Users\trand\AppData\Local\Coursier\cache\v1\https\repo1.maven.org\maven2\ch\epfl\scala\scalafix-interfaces\0.14.3\scalafix-interfaces-0.14.3.jar;C:\Users\trand\AppData\Local\Coursier\cache\v1\https\repo1.maven.org\maven2\org\scala-lang\scala3-library_3\3.3.6\scala3-library_3-3.3.6.jar;C:\Users\trand\AppData\Local\Coursier\cache\v1\https\repo1.maven.org\maven2\org\virtuslab\scala-cli\build-module_3\1.8.5\build-module_3-1.8.5.jar;C:\Users\trand\AppData\Local\Coursier\cache\v1\https\repo1.maven.org\maven2\org\virtuslab\scala-cli\config_3\1.8.5\config_3-1.8.5.jar;C:\Users\trand\AppData\Local\Coursier\cache\v1\https\repo1.maven.org\maven2\org\virtuslab\scala-cli\scala3-graal_3\1.8.5\scala3-graal_3-1.8.5.jar;C:\Users\trand\AppData\Local\Coursier\cache\v1\https\repo1.maven.org\maven2\org\virtuslab\scala-cli\specification-level_3\1.8.5\specification-level_3-1.8.5.jar;C:\Users\trand\AppData\Local\Coursier\cache\v1\https\repo1.maven.org\maven2\com\lihaoyi\sourcecode_3\0.4.3-M5\sourcecode_3-0.4.3-M5.jar;C:\Users\trand\AppData\Local\Coursier\cache\v1\https\repo1.maven.org\maven2\com\github\alexarchambault\case-app-annotations_3\2.1.0-M30\case-app-annotations_3-2.1.0-M30.jar;C:\Users\trand\AppData\Local\Coursier\cache\v1\https\repo1.maven.org\maven2\com\github\alexarchambault\case-app-util_3\2.1.0-M30\case-app-util_3-2.1.0-M30.jar;C:\Users\trand\AppData\Local\Coursier\cache\v1\https\repo1.maven.org\maven2\io\github\alexarchambault\scala-cli\tmp\zip-input-stream\0.1.1\zip-input-stream-0.1.1.jar;C:\Users\trand\AppData\Local\Coursier\cache\v1\https\repo1.maven.org\maven2\org\scala-lang\scala-library\2.13.16\scala-library-2.13.16.jar;C:\Users\trand\AppData\Local\Coursier\cache\v1\https\repo1.maven.org\maven2\io\get-coursier\coursier-cache_2.13\2.1.24\coursier-cache_2.13-2.1.24.jar;C:\Users\trand\AppData\Local\Coursier\cache\v1\https\repo1.maven.org\maven2\io\get-coursier\coursier-core_2.13\2.1.24\coursier-core_2.13-2.1.24.jar;C:\Users\trand\AppData\Local\Coursier\cache\v1\https\repo1.maven.org\maven2\com\google\guava\guava\33.4.8-jre\guava-33.4.8-jre.jar;C:\Users\trand\AppData\Local\Coursier\cache\v1\https\repo1.maven.org\maven2\net\java\dev\jna\jna\5.13.0\jna-5.13.0.jar;C:\Users\trand\AppData\Local\Coursier\cache\v1\https\repo1.maven.org\maven2\net\java\dev\jna\jna-platform\5.12.1\jna-platform-5.12.1.jar;C:\Users\trand\AppData\Local\Coursier\cache\v1\https\repo1.maven.org\maven2\org\scalameta\metaconfig-core_3\0.16.0\metaconfig-core_3-0.16.0.jar;C:\Users\trand\AppData\Local\Coursier\cache\v1\https\repo1.maven.org\maven2\com\typesafe\config\1.4.3\config-1.4.3.jar;C:\Users\trand\AppData\Local\Coursier\cache\v1\https\repo1.maven.org\maven2\org\scala-lang\modules\scala-collection-compat_3\2.13.0\scala-collection-compat_3-2.13.0.jar;C:\Users\trand\AppData\Local\Coursier\cache\v1\https\repo1.maven.org\maven2\commons-io\commons-io\2.19.0\commons-io-2.19.0.jar;C:\Users\trand\AppData\Local\Coursier\cache\v1\https\repo1.maven.org\maven2\com\google\cloud\tools\jib-core\0.27.3\jib-core-0.27.3.jar;C:\Users\trand\AppData\Local\Coursier\cache\v1\https\repo1.maven.org\maven2\org\bouncycastle\bcpg-jdk18on\1.81\bcpg-jdk18on-1.81.jar;C:\Users\trand\AppData\Local\Coursier\cache\v1\https\repo1.maven.org\maven2\org\bouncycastle\bcutil-jdk18on\1.81\bcutil-jdk18on-1.81.jar;C:\Users\trand\AppData\Local\Coursier\cache\v1\https\repo1.maven.org\maven2\org\virtuslab\scala-cli-signing\shared_3\0.2.11\shared_3-0.2.11.jar;C:\Users\trand\AppData\Local\Coursier\cache\v1\https\repo1.maven.org\maven2\org\slf4j\slf4j-api\2.0.17\slf4j-api-2.0.17.jar;C:\Users\trand\AppData\Local\Coursier\cache\v1\https\repo1.maven.org\maven2\com\softwaremill\sttp\model\core_3\1.7.11\core_3-1.7.11.jar;C:\Users\trand\AppData\Local\Coursier\cache\v1\https\repo1.maven.org\maven2\com\softwaremill\sttp\shared\core_3\1.3.22\core_3-1.3.22.jar;C:\Users\trand\AppData\Local\Coursier\cache\v1\https\repo1.maven.org\maven2\com\softwaremill\sttp\shared\ws_3\1.3.22\ws_3-1.3.22.jar;C:\Users\trand\AppData\Local\Coursier\cache\v1\https\repo1.maven.org\maven2\io\get-coursier\interface\1.0.28\interface-1.0.28.jar;C:\Users\trand\AppData\Local\Coursier\cache\v1\https\repo1.maven.org\maven2\org\ow2\asm\asm\9.8\asm-9.8.jar;C:\Users\trand\AppData\Local\Coursier\cache\v1\https\repo1.maven.org\maven2\org\virtuslab\scala-cli\java-class-name\java-class-name_3\0.1.8\java-class-name_3-0.1.8.jar;C:\Users\trand\AppData\Local\Coursier\cache\v1\https\repo1.maven.org\maven2\org\scalameta\semanticdb-shared_2.13\4.13.9\semanticdb-shared_2.13-4.13.9.jar;C:\Users\trand\AppData\Local\Coursier\cache\v1\https\repo1.maven.org\maven2\org\scala-native\test-runner_3\0.5.8\test-runner_3-0.5.8.jar;C:\Users\trand\AppData\Local\Coursier\cache\v1\https\repo1.maven.org\maven2\com\lihaoyi\os-lib_3\0.11.5\os-lib_3-0.11.5.jar;C:\Users\trand\AppData\Local\Coursier\cache\v1\https\repo1.maven.org\maven2\com\lihaoyi\pprint_3\0.9.3\pprint_3-0.9.3.jar;C:\Users\trand\AppData\Local\Coursier\cache\v1\https\repo1.maven.org\maven2\org\scala-js\scalajs-env-nodejs_2.13\1.4.0\scalajs-env-nodejs_2.13-1.4.0.jar;C:\Users\trand\AppData\Local\Coursier\cache\v1\https\repo1.maven.org\maven2\org\scala-js\scalajs-sbt-test-adapter_2.13\1.19.0\scalajs-sbt-test-adapter_2.13-1.19.0.jar;C:\Users\trand\AppData\Local\Coursier\cache\v1\https\repo1.maven.org\maven2\com\swoval\file-tree-views\2.1.12\file-tree-views-2.1.12.jar;C:\Users\trand\AppData\Local\Coursier\cache\v1\https\repo1.maven.org\maven2\org\virtuslab\scala-cli\zip-input-stream\zip-input-stream\0.1.3\zip-input-stream-0.1.3.jar;C:\Users\trand\AppData\Local\Coursier\cache\v1\https\repo1.maven.org\maven2\org\virtuslab\scala-cli\options_3\1.8.5\options_3-1.8.5.jar;C:\Users\trand\AppData\Local\Coursier\cache\v1\https\repo1.maven.org\maven2\org\virtuslab\scala-cli\directives_3\1.8.5\directives_3-1.8.5.jar;C:\Users\trand\AppData\Local\Coursier\cache\v1\https\repo1.maven.org\maven2\org\virtuslab\scala-cli\scala-cli-bsp\1.8.5\scala-cli-bsp-1.8.5.jar;C:\Users\trand\AppData\Local\Coursier\cache\v1\https\repo1.maven.org\maven2\org\virtuslab\scala-cli\test-runner_3\1.8.5\test-runner_3-1.8.5.jar;C:\Users\trand\AppData\Local\Coursier\cache\v1\https\repo1.maven.org\maven2\org\virtuslab\scala-cli\tasty-lib_3\1.8.5\tasty-lib_3-1.8.5.jar;C:\Users\trand\AppData\Local\Coursier\cache\v1\https\repo1.maven.org\maven2\io\github\alexarchambault\is-terminal\0.1.1\is-terminal-0.1.1.jar;C:\Users\trand\AppData\Local\Coursier\cache\v1\https\repo1.maven.org\maven2\org\codehaus\plexus\plexus-archiver\4.10.0\plexus-archiver-4.10.0.jar;C:\Users\trand\AppData\Local\Coursier\cache\v1\https\repo1.maven.org\maven2\org\codehaus\plexus\plexus-container-default\2.1.1\plexus-container-default-2.1.1.jar;C:\Users\trand\AppData\Local\Coursier\cache\v1\https\repo1.maven.org\maven2\io\github\alexarchambault\windows-ansi\windows-ansi\0.0.6\windows-ansi-0.0.6.jar;C:\Users\trand\AppData\Local\Coursier\cache\v1\https\repo1.maven.org\maven2\io\get-coursier\cache-util\2.1.24\cache-util-2.1.24.jar;C:\Users\trand\AppData\Local\Coursier\cache\v1\https\repo1.maven.org\maven2\io\get-coursier\coursier-util_2.13\2.1.24\coursier-util_2.13-2.1.24.jar;C:\Users\trand\AppData\Local\Coursier\cache\v1\https\repo1.maven.org\maven2\io\github\alexarchambault\concurrent-reference-hash-map\1.1.0\concurrent-reference-hash-map-1.1.0.jar;C:\Users\trand\AppData\Local\Coursier\cache\v1\https\repo1.maven.org\maven2\org\scala-lang\modules\scala-xml_2.13\2.3.0\scala-xml_2.13-2.3.0.jar;C:\Users\trand\AppData\Local\Coursier\cache\v1\https\repo1.maven.org\maven2\com\google\guava\failureaccess\1.0.3\failureaccess-1.0.3.jar;C:\Users\trand\AppData\Local\Coursier\cache\v1\https\repo1.maven.org\maven2\com\google\guava\listenablefuture\9999.0-empty-to-avoid-conflict-with-guava\listenablefuture-9999.0-empty-to-avoid-conflict-with-guava.jar;C:\Users\trand\AppData\Local\Coursier\cache\v1\https\repo1.maven.org\maven2\org\jspecify\jspecify\1.0.0\jspecify-1.0.0.jar;C:\Users\trand\AppData\Local\Coursier\cache\v1\https\repo1.maven.org\maven2\com\google\errorprone\error_prone_annotations\2.36.0\error_prone_annotations-2.36.0.jar;C:\Users\trand\AppData\Local\Coursier\cache\v1\https\repo1.maven.org\maven2\com\google\j2objc\j2objc-annotations\3.0.0\j2objc-annotations-3.0.0.jar;C:\Users\trand\AppData\Local\Coursier\cache\v1\https\repo1.maven.org\maven2\org\scalameta\metaconfig-pprint_3\0.16.0\metaconfig-pprint_3-0.16.0.jar;C:\Users\trand\AppData\Local\Coursier\cache\v1\https\repo1.maven.org\maven2\org\typelevel\paiges-core_3\0.4.4\paiges-core_3-0.4.4.jar;C:\Users\trand\AppData\Local\Coursier\cache\v1\https\repo1.maven.org\maven2\org\scala-lang\scala-reflect\2.13.16\scala-reflect-2.13.16.jar;C:\Users\trand\AppData\Local\Coursier\cache\v1\https\repo1.maven.org\maven2\com\google\cloud\tools\jib-build-plan\0.4.0\jib-build-plan-0.4.0.jar;C:\Users\trand\AppData\Local\Coursier\cache\v1\https\repo1.maven.org\maven2\com\google\http-client\google-http-client\1.42.2\google-http-client-1.42.2.jar;C:\Users\trand\AppData\Local\Coursier\cache\v1\https\repo1.maven.org\maven2\com\google\http-client\google-http-client-apache-v2\1.42.2\google-http-client-apache-v2-1.42.2.jar;C:\Users\trand\AppData\Local\Coursier\cache\v1\https\repo1.maven.org\maven2\com\google\auth\google-auth-library-oauth2-http\1.10.0\google-auth-library-oauth2-http-1.10.0.jar;C:\Users\trand\AppData\Local\Coursier\cache\v1\https\repo1.maven.org\maven2\org\apache\commons\commons-compress\1.26.2\commons-compress-1.26.2.jar;C:\Users\trand\AppData\Local\Coursier\cache\v1\https\repo1.maven.org\maven2\com\fasterxml\jackson\core\jackson-databind\2.15.2\jackson-databind-2.15.2.jar;C:\Users\trand\AppData\Local\Coursier\cache\v1\https\repo1.maven.org\maven2\com\fasterxml\jackson\datatype\jackson-datatype-jsr310\2.15.2\jackson-datatype-jsr310-2.15.2.jar;C:\Users\trand\AppData\Local\Coursier\cache\v1\https\repo1.maven.org\maven2\org\bouncycastle\bcprov-jdk18on\1.81\bcprov-jdk18on-1.81.jar;C:\Users\trand\AppData\Local\Coursier\cache\v1\https\repo1.maven.org\maven2\org\jline\jline-terminal-jni\3.25.0\jline-terminal-jni-3.25.0.jar;C:\Users\trand\AppData\Local\Coursier\cache\v1\https\repo1.maven.org\maven2\org\jline\jline-native\3.25.0\jline-native-3.25.0.jar;C:\Users\trand\AppData\Local\Coursier\cache\v1\https\repo1.maven.org\maven2\org\scala-lang\scala3-compiler_3\3.3.6\scala3-compiler_3-3.3.6.jar;C:\Users\trand\AppData\Local\Coursier\cache\v1\https\repo1.maven.org\maven2\org\scalameta\scalameta_2.13\4.13.9\scalameta_2.13-4.13.9.jar;C:\Users\trand\AppData\Local\Coursier\cache\v1\https\repo1.maven.org\maven2\org\scala-lang\scalap\2.13.13\scalap-2.13.13.jar;C:\Users\trand\AppData\Local\Coursier\cache\v1\https\repo1.maven.org\maven2\com\thesamet\scalapb\scalapb-runtime_2.13\0.11.15\scalapb-runtime_2.13-0.11.15.jar;C:\Users\trand\AppData\Local\Coursier\cache\v1\https\repo1.maven.org\maven2\org\scala-native\tools_3\0.5.8\tools_3-0.5.8.jar;C:\Users\trand\AppData\Local\Coursier\cache\v1\https\repo1.maven.org\maven2\org\scala-sbt\test-interface\1.0\test-interface-1.0.jar;C:\Users\trand\AppData\Local\Coursier\cache\v1\https\repo1.maven.org\maven2\com\github\sbt\junit-interface\0.13.3\junit-interface-0.13.3.jar;C:\Users\trand\AppData\Local\Coursier\cache\v1\https\repo1.maven.org\maven2\junit\junit\4.13.2\junit-4.13.2.jar;C:\Users\trand\AppData\Local\Coursier\cache\v1\https\repo1.maven.org\maven2\com\lihaoyi\geny_3\1.1.1\geny_3-1.1.1.jar;C:\Users\trand\AppData\Local\Coursier\cache\v1\https\repo1.maven.org\maven2\com\lihaoyi\os-zip\0.11.5\os-zip-0.11.5.jar;C:\Users\trand\AppData\Local\Coursier\cache\v1\https\repo1.maven.org\maven2\com\lihaoyi\fansi_3\0.5.1\fansi_3-0.5.1.jar;C:\Users\trand\AppData\Local\Coursier\cache\v1\https\repo1.maven.org\maven2\org\scala-js\scalajs-js-envs_2.13\1.4.0\scalajs-js-envs_2.13-1.4.0.jar;C:\Users\trand\AppData\Local\Coursier\cache\v1\https\repo1.maven.org\maven2\ch\epfl\scala\bloop-config_2.13\2.3.2\bloop-config_2.13-2.3.2.jar;C:\Users\trand\AppData\Local\Coursier\cache\v1\https\repo1.maven.org\maven2\org\virtuslab\scala-cli\core_3\1.8.5\core_3-1.8.5.jar;C:\Users\trand\AppData\Local\Coursier\cache\v1\https\repo1.maven.org\maven2\org\virtuslab\using_directives\1.1.4\using_directives-1.1.4.jar;C:\Users\trand\AppData\Local\Coursier\cache\v1\https\repo1.maven.org\maven2\org\virtuslab\scala-cli\build-macros_3\1.8.5\build-macros_3-1.8.5.jar;C:\Users\trand\AppData\Local\Coursier\cache\v1\https\repo1.maven.org\maven2\ch\epfl\scala\bsp4j\2.1.1\bsp4j-2.1.1.jar;C:\Users\trand\AppData\Local\Coursier\cache\v1\https\repo1.maven.org\maven2\javax\inject\javax.inject\1\javax.inject-1.jar;C:\Users\trand\AppData\Local\Coursier\cache\v1\https\repo1.maven.org\maven2\org\codehaus\plexus\plexus-utils\4.0.1\plexus-utils-4.0.1.jar;C:\Users\trand\AppData\Local\Coursier\cache\v1\https\repo1.maven.org\maven2\org\codehaus\plexus\plexus-io\3.5.0\plexus-io-3.5.0.jar;C:\Users\trand\AppData\Local\Coursier\cache\v1\https\repo1.maven.org\maven2\io\airlift\aircompressor\0.27\aircompressor-0.27.jar;C:\Users\trand\AppData\Local\Coursier\cache\v1\https\repo1.maven.org\maven2\org\tukaani\xz\1.9\xz-1.9.jar;C:\Users\trand\AppData\Local\Coursier\cache\v1\https\repo1.maven.org\maven2\com\github\luben\zstd-jni\1.5.6-3\zstd-jni-1.5.6-3.jar;C:\Users\trand\AppData\Local\Coursier\cache\v1\https\repo1.maven.org\maven2\org\codehaus\plexus\plexus-classworlds\2.6.0\plexus-classworlds-2.6.0.jar;C:\Users\trand\AppData\Local\Coursier\cache\v1\https\repo1.maven.org\maven2\org\apache\xbean\xbean-reflect\3.7\xbean-reflect-3.7.jar;C:\Users\trand\AppData\Local\Coursier\cache\v1\https\repo1.maven.org\maven2\org\fusesource\jansi\jansi\2.4.1\jansi-2.4.1.jar;C:\Users\trand\AppData\Local\Coursier\cache\v1\https\repo1.maven.org\maven2\org\apache\httpcomponents\httpclient\4.5.13\httpclient-4.5.13.jar;C:\Users\trand\AppData\Local\Coursier\cache\v1\https\repo1.maven.org\maven2\org\apache\httpcomponents\httpcore\4.4.15\httpcore-4.4.15.jar;C:\Users\trand\AppData\Local\Coursier\cache\v1\https\repo1.maven.org\maven2\com\google\code\findbugs\jsr305\3.0.2\jsr305-3.0.2.jar;C:\Users\trand\AppData\Local\Coursier\cache\v1\https\repo1.maven.org\maven2\io\opencensus\opencensus-api\0.31.1\opencensus-api-0.31.1.jar;C:\Users\trand\AppData\Local\Coursier\cache\v1\https\repo1.maven.org\maven2\io\opencensus\opencensus-contrib-http-util\0.31.1\opencensus-contrib-http-util-0.31.1.jar;C:\Users\trand\AppData\Local\Coursier\cache\v1\https\repo1.maven.org\maven2\com\google\auto\value\auto-value-annotations\1.9\auto-value-annotations-1.9.jar;C:\Users\trand\AppData\Local\Coursier\cache\v1\https\repo1.maven.org\maven2\com\google\auth\google-auth-library-credentials\1.10.0\google-auth-library-credentials-1.10.0.jar;C:\Users\trand\AppData\Local\Coursier\cache\v1\https\repo1.maven.org\maven2\com\google\http-client\google-http-client-gson\1.42.2\google-http-client-gson-1.42.2.jar;C:\Users\trand\AppData\Local\Coursier\cache\v1\https\repo1.maven.org\maven2\commons-codec\commons-codec\1.17.0\commons-codec-1.17.0.jar;C:\Users\trand\AppData\Local\Coursier\cache\v1\https\repo1.maven.org\maven2\org\apache\commons\commons-lang3\3.14.0\commons-lang3-3.14.0.jar;C:\Users\trand\AppData\Local\Coursier\cache\v1\https\repo1.maven.org\maven2\com\fasterxml\jackson\core\jackson-annotations\2.15.2\jackson-annotations-2.15.2.jar;C:\Users\trand\AppData\Local\Coursier\cache\v1\https\repo1.maven.org\maven2\com\fasterxml\jackson\core\jackson-core\2.15.2\jackson-core-2.15.2.jar;C:\Users\trand\AppData\Local\Coursier\cache\v1\https\repo1.maven.org\maven2\org\scala-lang\scala3-interfaces\3.3.6\scala3-interfaces-3.3.6.jar;C:\Users\trand\AppData\Local\Coursier\cache\v1\https\repo1.maven.org\maven2\org\scala-lang\tasty-core_3\3.3.6\tasty-core_3-3.3.6.jar;C:\Users\trand\AppData\Local\Coursier\cache\v1\https\repo1.maven.org\maven2\org\scala-lang\modules\scala-asm\9.8.0-scala-1\scala-asm-9.8.0-scala-1.jar;C:\Users\trand\AppData\Local\Coursier\cache\v1\https\repo1.maven.org\maven2\org\scala-sbt\compiler-interface\1.10.4\compiler-interface-1.10.4.jar;C:\Users\trand\AppData\Local\Coursier\cache\v1\https\repo1.maven.org\maven2\org\scalameta\parsers_2.13\4.13.9\parsers_2.13-4.13.9.jar;C:\Users\trand\AppData\Local\Coursier\cache\v1\https\repo1.maven.org\maven2\org\scala-lang\scala-compiler\2.13.13\scala-compiler-2.13.13.jar;C:\Users\trand\AppData\Local\Coursier\cache\v1\https\repo1.maven.org\maven2\com\thesamet\scalapb\lenses_2.13\0.11.15\lenses_2.13-0.11.15.jar;C:\Users\trand\AppData\Local\Coursier\cache\v1\https\repo1.maven.org\maven2\com\google\protobuf\protobuf-java\3.19.6\protobuf-java-3.19.6.jar;C:\Users\trand\AppData\Local\Coursier\cache\v1\https\repo1.maven.org\maven2\org\scala-native\nir_3\0.5.8\nir_3-0.5.8.jar;C:\Users\trand\AppData\Local\Coursier\cache\v1\https\repo1.maven.org\maven2\org\scala-native\util_3\0.5.8\util_3-0.5.8.jar;C:\Users\trand\AppData\Local\Coursier\cache\v1\https\repo1.maven.org\maven2\org\hamcrest\hamcrest-core\1.3\hamcrest-core-1.3.jar;C:\Users\trand\AppData\Local\Coursier\cache\v1\https\repo1.maven.org\maven2\org\scala-js\scalajs-logging_2.13\1.1.1\scalajs-logging_2.13-1.1.1.jar;C:\Users\trand\AppData\Local\Coursier\cache\v1\https\repo1.maven.org\maven2\com\lihaoyi\unroll-annotation_2.13\0.1.12\unroll-annotation_2.13-0.1.12.jar;C:\Users\trand\AppData\Local\Coursier\cache\v1\https\repo1.maven.org\maven2\ch\epfl\scala\bloop-rifle_2.13\2.0.13\bloop-rifle_2.13-2.0.13.jar;C:\Users\trand\AppData\Local\Coursier\cache\v1\https\repo1.maven.org\maven2\io\get-coursier\coursier-jvm_2.13\2.1.24\coursier-jvm_2.13-2.1.24.jar;C:\Users\trand\AppData\Local\Coursier\cache\v1\https\repo1.maven.org\maven2\io\get-coursier\dependency_3\0.3.2\dependency_3-0.3.2.jar;C:\Users\trand\AppData\Local\Coursier\cache\v1\https\repo1.maven.org\maven2\org\eclipse\jgit\org.eclipse.jgit\6.8.0.202311291450-r\org.eclipse.jgit-6.8.0.202311291450-r.jar;C:\Users\trand\AppData\Local\Coursier\cache\v1\https\repo1.maven.org\maven2\org\scala-js\scalajs-env-jsdom-nodejs_2.13\1.1.0\scalajs-env-jsdom-nodejs_2.13-1.1.0.jar;C:\Users\trand\AppData\Local\Coursier\cache\v1\https\repo1.maven.org\maven2\org\eclipse\lsp4j\org.eclipse.lsp4j.generator\0.20.1\org.eclipse.lsp4j.generator-0.20.1.jar;C:\Users\trand\AppData\Local\Coursier\cache\v1\https\repo1.maven.org\maven2\org\eclipse\lsp4j\org.eclipse.lsp4j.jsonrpc\0.20.1\org.eclipse.lsp4j.jsonrpc-0.20.1.jar;C:\Users\trand\AppData\Local\Coursier\cache\v1\https\repo1.maven.org\maven2\commons-logging\commons-logging\1.2\commons-logging-1.2.jar;C:\Users\trand\AppData\Local\Coursier\cache\v1\https\repo1.maven.org\maven2\io\grpc\grpc-context\1.27.2\grpc-context-1.27.2.jar;C:\Users\trand\AppData\Local\Coursier\cache\v1\https\repo1.maven.org\maven2\com\google\code\gson\gson\2.10.1\gson-2.10.1.jar;C:\Users\trand\AppData\Local\Coursier\cache\v1\https\repo1.maven.org\maven2\org\scala-sbt\util-interface\1.10.4\util-interface-1.10.4.jar;C:\Users\trand\AppData\Local\Coursier\cache\v1\https\repo1.maven.org\maven2\org\scalameta\trees_2.13\4.13.9\trees_2.13-4.13.9.jar;C:\Users\trand\AppData\Local\Coursier\cache\v1\https\repo1.maven.org\maven2\io\github\java-diff-utils\java-diff-utils\4.12\java-diff-utils-4.12.jar;C:\Users\trand\AppData\Local\Coursier\cache\v1\https\repo1.maven.org\maven2\ch\epfl\scala\libdaemon_2.13\0.0.12\libdaemon_2.13-0.0.12.jar;C:\Users\trand\AppData\Local\Coursier\cache\v1\https\repo1.maven.org\maven2\io\github\alexarchambault\scala-cli\snailgun\snailgun-core_2.13\0.4.1-sc2\snailgun-core_2.13-0.4.1-sc2.jar;C:\Users\trand\AppData\Local\Coursier\cache\v1\https\repo1.maven.org\maven2\io\get-coursier\coursier_2.13\2.1.24\coursier_2.13-2.1.24.jar;C:\Users\trand\AppData\Local\Coursier\cache\v1\https\repo1.maven.org\maven2\io\get-coursier\coursier-env_2.13\2.1.24\coursier-env_2.13-2.1.24.jar;C:\Users\trand\AppData\Local\Coursier\cache\v1\https\repo1.maven.org\maven2\com\googlecode\javaewah\JavaEWAH\1.2.3\JavaEWAH-1.2.3.jar;C:\Users\trand\AppData\Local\Coursier\cache\v1\https\repo1.maven.org\maven2\org\eclipse\xtend\org.eclipse.xtend.lib\2.28.0\org.eclipse.xtend.lib-2.28.0.jar;C:\Users\trand\AppData\Local\Coursier\cache\v1\https\repo1.maven.org\maven2\org\scalameta\common_2.13\4.13.9\common_2.13-4.13.9.jar;C:\Users\trand\AppData\Local\Coursier\cache\v1\https\repo1.maven.org\maven2\org\scalameta\io_2.13\4.13.9\io_2.13-4.13.9.jar;C:\Users\trand\AppData\Local\Coursier\cache\v1\https\repo1.maven.org\maven2\org\eclipse\xtext\org.eclipse.xtext.xbase.lib\2.28.0\org.eclipse.xtext.xbase.lib-2.28.0.jar;C:\Users\trand\AppData\Local\Coursier\cache\v1\https\repo1.maven.org\maven2\org\eclipse\xtend\org.eclipse.xtend.lib.macro\2.28.0\org.eclipse.xtend.lib.macro-2.28.0.jar, scala.cli.ScalaCli, bsp, --workspace, C:\Users\trand\AppData\Local\Temp\metals-scala-cli12055644427132000387, --semantic-db-source-root, C:\Users\trand\OneDrive\Máy tính, C:\Users\trand\OneDrive\Máy tính\build.sbt)
2025.09.25 12:21:16 INFO  tracing is disabled for protocol BSP, to enable tracing of incoming and outgoing JSON messages create an empty file at C:\Users\trand\OneDrive\Máy tính\.metals\bsp.trace.json or C:\Users\trand\AppData\Local\scalameta\metals\cache\bsp.trace.json
2025.09.25 12:21:17 INFO  Scala CLI: [error]  C:\Users\trand\OneDrive\Máy tính\build.sbt: unrecognized source type (expected .scala or .sc extension, or a directory).
2025.09.25 12:22:16 ERROR Timeout waiting for 'build/initialize' response
2025.09.25 12:22:16 WARN  Retrying connection to the build server Scala CLI
2025.09.25 12:22:16 INFO  Running List(C:\Program Files\Java\jdk-17\bin\java.exe, -cp, C:\Users\trand\AppData\Local\Coursier\cache\v1\https\repo1.maven.org\maven2\org\virtuslab\scala-cli\cli_3\1.8.5\cli_3-1.8.5.jar;C:\Users\trand\AppData\Local\Coursier\cache\v1\https\repo1.maven.org\maven2\com\github\alexarchambault\case-app_3\2.1.0-M30\case-app_3-2.1.0-M30.jar;C:\Users\trand\AppData\Local\Coursier\cache\v1\https\repo1.maven.org\maven2\io\get-coursier\coursier-launcher_2.13\2.1.24\coursier-launcher_2.13-2.1.24.jar;C:\Users\trand\AppData\Local\Coursier\cache\v1\https\repo1.maven.org\maven2\io\get-coursier\coursier-proxy-setup\2.1.24\coursier-proxy-setup-2.1.24.jar;C:\Users\trand\AppData\Local\Coursier\cache\v1\https\repo1.maven.org\maven2\io\get-coursier\publish\publish_3\0.4.3\publish_3-0.4.3.jar;C:\Users\trand\AppData\Local\Coursier\cache\v1\https\repo1.maven.org\maven2\com\google\jimfs\jimfs\1.3.1\jimfs-1.3.1.jar;C:\Users\trand\AppData\Local\Coursier\cache\v1\https\repo1.maven.org\maven2\io\get-coursier\jniutils\windows-jni-utils\0.3.3\windows-jni-utils-0.3.3.jar;C:\Users\trand\AppData\Local\Coursier\cache\v1\https\repo1.maven.org\maven2\com\github\plokhotnyuk\jsoniter-scala\jsoniter-scala-core_3\2.13.5.2\jsoniter-scala-core_3-2.13.5.2.jar;C:\Users\trand\AppData\Local\Coursier\cache\v1\https\repo1.maven.org\maven2\org\virtuslab\scala-cli\libsodiumjni\0.0.4\libsodiumjni-0.0.4.jar;C:\Users\trand\AppData\Local\Coursier\cache\v1\https\repo1.maven.org\maven2\org\scalameta\metaconfig-typesafe-config_3\0.16.0\metaconfig-typesafe-config_3-0.16.0.jar;C:\Users\trand\AppData\Local\Coursier\cache\v1\https\repo1.maven.org\maven2\ai\kien\python-native-libs_3\0.2.4\python-native-libs_3-0.2.4.jar;C:\Users\trand\AppData\Local\Coursier\cache\v1\https\repo1.maven.org\maven2\org\virtuslab\scala-packager_2.13\0.1.33\scala-packager_2.13-0.1.33.jar;C:\Users\trand\AppData\Local\Coursier\cache\v1\https\repo1.maven.org\maven2\org\virtuslab\scala-cli-signing\cli_3\0.2.11\cli_3-0.2.11.jar;C:\Users\trand\AppData\Local\Coursier\cache\v1\https\repo1.maven.org\maven2\org\slf4j\slf4j-nop\2.0.17\slf4j-nop-2.0.17.jar;C:\Users\trand\AppData\Local\Coursier\cache\v1\https\repo1.maven.org\maven2\com\softwaremill\sttp\client3\core_3\3.11.0\core_3-3.11.0.jar;C:\Users\trand\AppData\Local\Coursier\cache\v1\https\repo1.maven.org\maven2\ch\epfl\scala\scalafix-interfaces\0.14.3\scalafix-interfaces-0.14.3.jar;C:\Users\trand\AppData\Local\Coursier\cache\v1\https\repo1.maven.org\maven2\org\scala-lang\scala3-library_3\3.3.6\scala3-library_3-3.3.6.jar;C:\Users\trand\AppData\Local\Coursier\cache\v1\https\repo1.maven.org\maven2\org\virtuslab\scala-cli\build-module_3\1.8.5\build-module_3-1.8.5.jar;C:\Users\trand\AppData\Local\Coursier\cache\v1\https\repo1.maven.org\maven2\org\virtuslab\scala-cli\config_3\1.8.5\config_3-1.8.5.jar;C:\Users\trand\AppData\Local\Coursier\cache\v1\https\repo1.maven.org\maven2\org\virtuslab\scala-cli\scala3-graal_3\1.8.5\scala3-graal_3-1.8.5.jar;C:\Users\trand\AppData\Local\Coursier\cache\v1\https\repo1.maven.org\maven2\org\virtuslab\scala-cli\specification-level_3\1.8.5\specification-level_3-1.8.5.jar;C:\Users\trand\AppData\Local\Coursier\cache\v1\https\repo1.maven.org\maven2\com\lihaoyi\sourcecode_3\0.4.3-M5\sourcecode_3-0.4.3-M5.jar;C:\Users\trand\AppData\Local\Coursier\cache\v1\https\repo1.maven.org\maven2\com\github\alexarchambault\case-app-annotations_3\2.1.0-M30\case-app-annotations_3-2.1.0-M30.jar;C:\Users\trand\AppData\Local\Coursier\cache\v1\https\repo1.maven.org\maven2\com\github\alexarchambault\case-app-util_3\2.1.0-M30\case-app-util_3-2.1.0-M30.jar;C:\Users\trand\AppData\Local\Coursier\cache\v1\https\repo1.maven.org\maven2\io\github\alexarchambault\scala-cli\tmp\zip-input-stream\0.1.1\zip-input-stream-0.1.1.jar;C:\Users\trand\AppData\Local\Coursier\cache\v1\https\repo1.maven.org\maven2\org\scala-lang\scala-library\2.13.16\scala-library-2.13.16.jar;C:\Users\trand\AppData\Local\Coursier\cache\v1\https\repo1.maven.org\maven2\io\get-coursier\coursier-cache_2.13\2.1.24\coursier-cache_2.13-2.1.24.jar;C:\Users\trand\AppData\Local\Coursier\cache\v1\https\repo1.maven.org\maven2\io\get-coursier\coursier-core_2.13\2.1.24\coursier-core_2.13-2.1.24.jar;C:\Users\trand\AppData\Local\Coursier\cache\v1\https\repo1.maven.org\maven2\com\google\guava\guava\33.4.8-jre\guava-33.4.8-jre.jar;C:\Users\trand\AppData\Local\Coursier\cache\v1\https\repo1.maven.org\maven2\net\java\dev\jna\jna\5.13.0\jna-5.13.0.jar;C:\Users\trand\AppData\Local\Coursier\cache\v1\https\repo1.maven.org\maven2\net\java\dev\jna\jna-platform\5.12.1\jna-platform-5.12.1.jar;C:\Users\trand\AppData\Local\Coursier\cache\v1\https\repo1.maven.org\maven2\org\scalameta\metaconfig-core_3\0.16.0\metaconfig-core_3-0.16.0.jar;C:\Users\trand\AppData\Local\Coursier\cache\v1\https\repo1.maven.org\maven2\com\typesafe\config\1.4.3\config-1.4.3.jar;C:\Users\trand\AppData\Local\Coursier\cache\v1\https\repo1.maven.org\maven2\org\scala-lang\modules\scala-collection-compat_3\2.13.0\scala-collection-compat_3-2.13.0.jar;C:\Users\trand\AppData\Local\Coursier\cache\v1\https\repo1.maven.org\maven2\commons-io\commons-io\2.19.0\commons-io-2.19.0.jar;C:\Users\trand\AppData\Local\Coursier\cache\v1\https\repo1.maven.org\maven2\com\google\cloud\tools\jib-core\0.27.3\jib-core-0.27.3.jar;C:\Users\trand\AppData\Local\Coursier\cache\v1\https\repo1.maven.org\maven2\org\bouncycastle\bcpg-jdk18on\1.81\bcpg-jdk18on-1.81.jar;C:\Users\trand\AppData\Local\Coursier\cache\v1\https\repo1.maven.org\maven2\org\bouncycastle\bcutil-jdk18on\1.81\bcutil-jdk18on-1.81.jar;C:\Users\trand\AppData\Local\Coursier\cache\v1\https\repo1.maven.org\maven2\org\virtuslab\scala-cli-signing\shared_3\0.2.11\shared_3-0.2.11.jar;C:\Users\trand\AppData\Local\Coursier\cache\v1\https\repo1.maven.org\maven2\org\slf4j\slf4j-api\2.0.17\slf4j-api-2.0.17.jar;C:\Users\trand\AppData\Local\Coursier\cache\v1\https\repo1.maven.org\maven2\com\softwaremill\sttp\model\core_3\1.7.11\core_3-1.7.11.jar;C:\Users\trand\AppData\Local\Coursier\cache\v1\https\repo1.maven.org\maven2\com\softwaremill\sttp\shared\core_3\1.3.22\core_3-1.3.22.jar;C:\Users\trand\AppData\Local\Coursier\cache\v1\https\repo1.maven.org\maven2\com\softwaremill\sttp\shared\ws_3\1.3.22\ws_3-1.3.22.jar;C:\Users\trand\AppData\Local\Coursier\cache\v1\https\repo1.maven.org\maven2\io\get-coursier\interface\1.0.28\interface-1.0.28.jar;C:\Users\trand\AppData\Local\Coursier\cache\v1\https\repo1.maven.org\maven2\org\ow2\asm\asm\9.8\asm-9.8.jar;C:\Users\trand\AppData\Local\Coursier\cache\v1\https\repo1.maven.org\maven2\org\virtuslab\scala-cli\java-class-name\java-class-name_3\0.1.8\java-class-name_3-0.1.8.jar;C:\Users\trand\AppData\Local\Coursier\cache\v1\https\repo1.maven.org\maven2\org\scalameta\semanticdb-shared_2.13\4.13.9\semanticdb-shared_2.13-4.13.9.jar;C:\Users\trand\AppData\Local\Coursier\cache\v1\https\repo1.maven.org\maven2\org\scala-native\test-runner_3\0.5.8\test-runner_3-0.5.8.jar;C:\Users\trand\AppData\Local\Coursier\cache\v1\https\repo1.maven.org\maven2\com\lihaoyi\os-lib_3\0.11.5\os-lib_3-0.11.5.jar;C:\Users\trand\AppData\Local\Coursier\cache\v1\https\repo1.maven.org\maven2\com\lihaoyi\pprint_3\0.9.3\pprint_3-0.9.3.jar;C:\Users\trand\AppData\Local\Coursier\cache\v1\https\repo1.maven.org\maven2\org\scala-js\scalajs-env-nodejs_2.13\1.4.0\scalajs-env-nodejs_2.13-1.4.0.jar;C:\Users\trand\AppData\Local\Coursier\cache\v1\https\repo1.maven.org\maven2\org\scala-js\scalajs-sbt-test-adapter_2.13\1.19.0\scalajs-sbt-test-adapter_2.13-1.19.0.jar;C:\Users\trand\AppData\Local\Coursier\cache\v1\https\repo1.maven.org\maven2\com\swoval\file-tree-views\2.1.12\file-tree-views-2.1.12.jar;C:\Users\trand\AppData\Local\Coursier\cache\v1\https\repo1.maven.org\maven2\org\virtuslab\scala-cli\zip-input-stream\zip-input-stream\0.1.3\zip-input-stream-0.1.3.jar;C:\Users\trand\AppData\Local\Coursier\cache\v1\https\repo1.maven.org\maven2\org\virtuslab\scala-cli\options_3\1.8.5\options_3-1.8.5.jar;C:\Users\trand\AppData\Local\Coursier\cache\v1\https\repo1.maven.org\maven2\org\virtuslab\scala-cli\directives_3\1.8.5\directives_3-1.8.5.jar;C:\Users\trand\AppData\Local\Coursier\cache\v1\https\repo1.maven.org\maven2\org\virtuslab\scala-cli\scala-cli-bsp\1.8.5\scala-cli-bsp-1.8.5.jar;C:\Users\trand\AppData\Local\Coursier\cache\v1\https\repo1.maven.org\maven2\org\virtuslab\scala-cli\test-runner_3\1.8.5\test-runner_3-1.8.5.jar;C:\Users\trand\AppData\Local\Coursier\cache\v1\https\repo1.maven.org\maven2\org\virtuslab\scala-cli\tasty-lib_3\1.8.5\tasty-lib_3-1.8.5.jar;C:\Users\trand\AppData\Local\Coursier\cache\v1\https\repo1.maven.org\maven2\io\github\alexarchambault\is-terminal\0.1.1\is-terminal-0.1.1.jar;C:\Users\trand\AppData\Local\Coursier\cache\v1\https\repo1.maven.org\maven2\org\codehaus\plexus\plexus-archiver\4.10.0\plexus-archiver-4.10.0.jar;C:\Users\trand\AppData\Local\Coursier\cache\v1\https\repo1.maven.org\maven2\org\codehaus\plexus\plexus-container-default\2.1.1\plexus-container-default-2.1.1.jar;C:\Users\trand\AppData\Local\Coursier\cache\v1\https\repo1.maven.org\maven2\io\github\alexarchambault\windows-ansi\windows-ansi\0.0.6\windows-ansi-0.0.6.jar;C:\Users\trand\AppData\Local\Coursier\cache\v1\https\repo1.maven.org\maven2\io\get-coursier\cache-util\2.1.24\cache-util-2.1.24.jar;C:\Users\trand\AppData\Local\Coursier\cache\v1\https\repo1.maven.org\maven2\io\get-coursier\coursier-util_2.13\2.1.24\coursier-util_2.13-2.1.24.jar;C:\Users\trand\AppData\Local\Coursier\cache\v1\https\repo1.maven.org\maven2\io\github\alexarchambault\concurrent-reference-hash-map\1.1.0\concurrent-reference-hash-map-1.1.0.jar;C:\Users\trand\AppData\Local\Coursier\cache\v1\https\repo1.maven.org\maven2\org\scala-lang\modules\scala-xml_2.13\2.3.0\scala-xml_2.13-2.3.0.jar;C:\Users\trand\AppData\Local\Coursier\cache\v1\https\repo1.maven.org\maven2\com\google\guava\failureaccess\1.0.3\failureaccess-1.0.3.jar;C:\Users\trand\AppData\Local\Coursier\cache\v1\https\repo1.maven.org\maven2\com\google\guava\listenablefuture\9999.0-empty-to-avoid-conflict-with-guava\listenablefuture-9999.0-empty-to-avoid-conflict-with-guava.jar;C:\Users\trand\AppData\Local\Coursier\cache\v1\https\repo1.maven.org\maven2\org\jspecify\jspecify\1.0.0\jspecify-1.0.0.jar;C:\Users\trand\AppData\Local\Coursier\cache\v1\https\repo1.maven.org\maven2\com\google\errorprone\error_prone_annotations\2.36.0\error_prone_annotations-2.36.0.jar;C:\Users\trand\AppData\Local\Coursier\cache\v1\https\repo1.maven.org\maven2\com\google\j2objc\j2objc-annotations\3.0.0\j2objc-annotations-3.0.0.jar;C:\Users\trand\AppData\Local\Coursier\cache\v1\https\repo1.maven.org\maven2\org\scalameta\metaconfig-pprint_3\0.16.0\metaconfig-pprint_3-0.16.0.jar;C:\Users\trand\AppData\Local\Coursier\cache\v1\https\repo1.maven.org\maven2\org\typelevel\paiges-core_3\0.4.4\paiges-core_3-0.4.4.jar;C:\Users\trand\AppData\Local\Coursier\cache\v1\https\repo1.maven.org\maven2\org\scala-lang\scala-reflect\2.13.16\scala-reflect-2.13.16.jar;C:\Users\trand\AppData\Local\Coursier\cache\v1\https\repo1.maven.org\maven2\com\google\cloud\tools\jib-build-plan\0.4.0\jib-build-plan-0.4.0.jar;C:\Users\trand\AppData\Local\Coursier\cache\v1\https\repo1.maven.org\maven2\com\google\http-client\google-http-client\1.42.2\google-http-client-1.42.2.jar;C:\Users\trand\AppData\Local\Coursier\cache\v1\https\repo1.maven.org\maven2\com\google\http-client\google-http-client-apache-v2\1.42.2\google-http-client-apache-v2-1.42.2.jar;C:\Users\trand\AppData\Local\Coursier\cache\v1\https\repo1.maven.org\maven2\com\google\auth\google-auth-library-oauth2-http\1.10.0\google-auth-library-oauth2-http-1.10.0.jar;C:\Users\trand\AppData\Local\Coursier\cache\v1\https\repo1.maven.org\maven2\org\apache\commons\commons-compress\1.26.2\commons-compress-1.26.2.jar;C:\Users\trand\AppData\Local\Coursier\cache\v1\https\repo1.maven.org\maven2\com\fasterxml\jackson\core\jackson-databind\2.15.2\jackson-databind-2.15.2.jar;C:\Users\trand\AppData\Local\Coursier\cache\v1\https\repo1.maven.org\maven2\com\fasterxml\jackson\datatype\jackson-datatype-jsr310\2.15.2\jackson-datatype-jsr310-2.15.2.jar;C:\Users\trand\AppData\Local\Coursier\cache\v1\https\repo1.maven.org\maven2\org\bouncycastle\bcprov-jdk18on\1.81\bcprov-jdk18on-1.81.jar;C:\Users\trand\AppData\Local\Coursier\cache\v1\https\repo1.maven.org\maven2\org\jline\jline-terminal-jni\3.25.0\jline-terminal-jni-3.25.0.jar;C:\Users\trand\AppData\Local\Coursier\cache\v1\https\repo1.maven.org\maven2\org\jline\jline-native\3.25.0\jline-native-3.25.0.jar;C:\Users\trand\AppData\Local\Coursier\cache\v1\https\repo1.maven.org\maven2\org\scala-lang\scala3-compiler_3\3.3.6\scala3-compiler_3-3.3.6.jar;C:\Users\trand\AppData\Local\Coursier\cache\v1\https\repo1.maven.org\maven2\org\scalameta\scalameta_2.13\4.13.9\scalameta_2.13-4.13.9.jar;C:\Users\trand\AppData\Local\Coursier\cache\v1\https\repo1.maven.org\maven2\org\scala-lang\scalap\2.13.13\scalap-2.13.13.jar;C:\Users\trand\AppData\Local\Coursier\cache\v1\https\repo1.maven.org\maven2\com\thesamet\scalapb\scalapb-runtime_2.13\0.11.15\scalapb-runtime_2.13-0.11.15.jar;C:\Users\trand\AppData\Local\Coursier\cache\v1\https\repo1.maven.org\maven2\org\scala-native\tools_3\0.5.8\tools_3-0.5.8.jar;C:\Users\trand\AppData\Local\Coursier\cache\v1\https\repo1.maven.org\maven2\org\scala-sbt\test-interface\1.0\test-interface-1.0.jar;C:\Users\trand\AppData\Local\Coursier\cache\v1\https\repo1.maven.org\maven2\com\github\sbt\junit-interface\0.13.3\junit-interface-0.13.3.jar;C:\Users\trand\AppData\Local\Coursier\cache\v1\https\repo1.maven.org\maven2\junit\junit\4.13.2\junit-4.13.2.jar;C:\Users\trand\AppData\Local\Coursier\cache\v1\https\repo1.maven.org\maven2\com\lihaoyi\geny_3\1.1.1\geny_3-1.1.1.jar;C:\Users\trand\AppData\Local\Coursier\cache\v1\https\repo1.maven.org\maven2\com\lihaoyi\os-zip\0.11.5\os-zip-0.11.5.jar;C:\Users\trand\AppData\Local\Coursier\cache\v1\https\repo1.maven.org\maven2\com\lihaoyi\fansi_3\0.5.1\fansi_3-0.5.1.jar;C:\Users\trand\AppData\Local\Coursier\cache\v1\https\repo1.maven.org\maven2\org\scala-js\scalajs-js-envs_2.13\1.4.0\scalajs-js-envs_2.13-1.4.0.jar;C:\Users\trand\AppData\Local\Coursier\cache\v1\https\repo1.maven.org\maven2\ch\epfl\scala\bloop-config_2.13\2.3.2\bloop-config_2.13-2.3.2.jar;C:\Users\trand\AppData\Local\Coursier\cache\v1\https\repo1.maven.org\maven2\org\virtuslab\scala-cli\core_3\1.8.5\core_3-1.8.5.jar;C:\Users\trand\AppData\Local\Coursier\cache\v1\https\repo1.maven.org\maven2\org\virtuslab\using_directives\1.1.4\using_directives-1.1.4.jar;C:\Users\trand\AppData\Local\Coursier\cache\v1\https\repo1.maven.org\maven2\org\virtuslab\scala-cli\build-macros_3\1.8.5\build-macros_3-1.8.5.jar;C:\Users\trand\AppData\Local\Coursier\cache\v1\https\repo1.maven.org\maven2\ch\epfl\scala\bsp4j\2.1.1\bsp4j-2.1.1.jar;C:\Users\trand\AppData\Local\Coursier\cache\v1\https\repo1.maven.org\maven2\javax\inject\javax.inject\1\javax.inject-1.jar;C:\Users\trand\AppData\Local\Coursier\cache\v1\https\repo1.maven.org\maven2\org\codehaus\plexus\plexus-utils\4.0.1\plexus-utils-4.0.1.jar;C:\Users\trand\AppData\Local\Coursier\cache\v1\https\repo1.maven.org\maven2\org\codehaus\plexus\plexus-io\3.5.0\plexus-io-3.5.0.jar;C:\Users\trand\AppData\Local\Coursier\cache\v1\https\repo1.maven.org\maven2\io\airlift\aircompressor\0.27\aircompressor-0.27.jar;C:\Users\trand\AppData\Local\Coursier\cache\v1\https\repo1.maven.org\maven2\org\tukaani\xz\1.9\xz-1.9.jar;C:\Users\trand\AppData\Local\Coursier\cache\v1\https\repo1.maven.org\maven2\com\github\luben\zstd-jni\1.5.6-3\zstd-jni-1.5.6-3.jar;C:\Users\trand\AppData\Local\Coursier\cache\v1\https\repo1.maven.org\maven2\org\codehaus\plexus\plexus-classworlds\2.6.0\plexus-classworlds-2.6.0.jar;C:\Users\trand\AppData\Local\Coursier\cache\v1\https\repo1.maven.org\maven2\org\apache\xbean\xbean-reflect\3.7\xbean-reflect-3.7.jar;C:\Users\trand\AppData\Local\Coursier\cache\v1\https\repo1.maven.org\maven2\org\fusesource\jansi\jansi\2.4.1\jansi-2.4.1.jar;C:\Users\trand\AppData\Local\Coursier\cache\v1\https\repo1.maven.org\maven2\org\apache\httpcomponents\httpclient\4.5.13\httpclient-4.5.13.jar;C:\Users\trand\AppData\Local\Coursier\cache\v1\https\repo1.maven.org\maven2\org\apache\httpcomponents\httpcore\4.4.15\httpcore-4.4.15.jar;C:\Users\trand\AppData\Local\Coursier\cache\v1\https\repo1.maven.org\maven2\com\google\code\findbugs\jsr305\3.0.2\jsr305-3.0.2.jar;C:\Users\trand\AppData\Local\Coursier\cache\v1\https\repo1.maven.org\maven2\io\opencensus\opencensus-api\0.31.1\opencensus-api-0.31.1.jar;C:\Users\trand\AppData\Local\Coursier\cache\v1\https\repo1.maven.org\maven2\io\opencensus\opencensus-contrib-http-util\0.31.1\opencensus-contrib-http-util-0.31.1.jar;C:\Users\trand\AppData\Local\Coursier\cache\v1\https\repo1.maven.org\maven2\com\google\auto\value\auto-value-annotations\1.9\auto-value-annotations-1.9.jar;C:\Users\trand\AppData\Local\Coursier\cache\v1\https\repo1.maven.org\maven2\com\google\auth\google-auth-library-credentials\1.10.0\google-auth-library-credentials-1.10.0.jar;C:\Users\trand\AppData\Local\Coursier\cache\v1\https\repo1.maven.org\maven2\com\google\http-client\google-http-client-gson\1.42.2\google-http-client-gson-1.42.2.jar;C:\Users\trand\AppData\Local\Coursier\cache\v1\https\repo1.maven.org\maven2\commons-codec\commons-codec\1.17.0\commons-codec-1.17.0.jar;C:\Users\trand\AppData\Local\Coursier\cache\v1\https\repo1.maven.org\maven2\org\apache\commons\commons-lang3\3.14.0\commons-lang3-3.14.0.jar;C:\Users\trand\AppData\Local\Coursier\cache\v1\https\repo1.maven.org\maven2\com\fasterxml\jackson\core\jackson-annotations\2.15.2\jackson-annotations-2.15.2.jar;C:\Users\trand\AppData\Local\Coursier\cache\v1\https\repo1.maven.org\maven2\com\fasterxml\jackson\core\jackson-core\2.15.2\jackson-core-2.15.2.jar;C:\Users\trand\AppData\Local\Coursier\cache\v1\https\repo1.maven.org\maven2\org\scala-lang\scala3-interfaces\3.3.6\scala3-interfaces-3.3.6.jar;C:\Users\trand\AppData\Local\Coursier\cache\v1\https\repo1.maven.org\maven2\org\scala-lang\tasty-core_3\3.3.6\tasty-core_3-3.3.6.jar;C:\Users\trand\AppData\Local\Coursier\cache\v1\https\repo1.maven.org\maven2\org\scala-lang\modules\scala-asm\9.8.0-scala-1\scala-asm-9.8.0-scala-1.jar;C:\Users\trand\AppData\Local\Coursier\cache\v1\https\repo1.maven.org\maven2\org\scala-sbt\compiler-interface\1.10.4\compiler-interface-1.10.4.jar;C:\Users\trand\AppData\Local\Coursier\cache\v1\https\repo1.maven.org\maven2\org\scalameta\parsers_2.13\4.13.9\parsers_2.13-4.13.9.jar;C:\Users\trand\AppData\Local\Coursier\cache\v1\https\repo1.maven.org\maven2\org\scala-lang\scala-compiler\2.13.13\scala-compiler-2.13.13.jar;C:\Users\trand\AppData\Local\Coursier\cache\v1\https\repo1.maven.org\maven2\com\thesamet\scalapb\lenses_2.13\0.11.15\lenses_2.13-0.11.15.jar;C:\Users\trand\AppData\Local\Coursier\cache\v1\https\repo1.maven.org\maven2\com\google\protobuf\protobuf-java\3.19.6\protobuf-java-3.19.6.jar;C:\Users\trand\AppData\Local\Coursier\cache\v1\https\repo1.maven.org\maven2\org\scala-native\nir_3\0.5.8\nir_3-0.5.8.jar;C:\Users\trand\AppData\Local\Coursier\cache\v1\https\repo1.maven.org\maven2\org\scala-native\util_3\0.5.8\util_3-0.5.8.jar;C:\Users\trand\AppData\Local\Coursier\cache\v1\https\repo1.maven.org\maven2\org\hamcrest\hamcrest-core\1.3\hamcrest-core-1.3.jar;C:\Users\trand\AppData\Local\Coursier\cache\v1\https\repo1.maven.org\maven2\org\scala-js\scalajs-logging_2.13\1.1.1\scalajs-logging_2.13-1.1.1.jar;C:\Users\trand\AppData\Local\Coursier\cache\v1\https\repo1.maven.org\maven2\com\lihaoyi\unroll-annotation_2.13\0.1.12\unroll-annotation_2.13-0.1.12.jar;C:\Users\trand\AppData\Local\Coursier\cache\v1\https\repo1.maven.org\maven2\ch\epfl\scala\bloop-rifle_2.13\2.0.13\bloop-rifle_2.13-2.0.13.jar;C:\Users\trand\AppData\Local\Coursier\cache\v1\https\repo1.maven.org\maven2\io\get-coursier\coursier-jvm_2.13\2.1.24\coursier-jvm_2.13-2.1.24.jar;C:\Users\trand\AppData\Local\Coursier\cache\v1\https\repo1.maven.org\maven2\io\get-coursier\dependency_3\0.3.2\dependency_3-0.3.2.jar;C:\Users\trand\AppData\Local\Coursier\cache\v1\https\repo1.maven.org\maven2\org\eclipse\jgit\org.eclipse.jgit\6.8.0.202311291450-r\org.eclipse.jgit-6.8.0.202311291450-r.jar;C:\Users\trand\AppData\Local\Coursier\cache\v1\https\repo1.maven.org\maven2\org\scala-js\scalajs-env-jsdom-nodejs_2.13\1.1.0\scalajs-env-jsdom-nodejs_2.13-1.1.0.jar;C:\Users\trand\AppData\Local\Coursier\cache\v1\https\repo1.maven.org\maven2\org\eclipse\lsp4j\org.eclipse.lsp4j.generator\0.20.1\org.eclipse.lsp4j.generator-0.20.1.jar;C:\Users\trand\AppData\Local\Coursier\cache\v1\https\repo1.maven.org\maven2\org\eclipse\lsp4j\org.eclipse.lsp4j.jsonrpc\0.20.1\org.eclipse.lsp4j.jsonrpc-0.20.1.jar;C:\Users\trand\AppData\Local\Coursier\cache\v1\https\repo1.maven.org\maven2\commons-logging\commons-logging\1.2\commons-logging-1.2.jar;C:\Users\trand\AppData\Local\Coursier\cache\v1\https\repo1.maven.org\maven2\io\grpc\grpc-context\1.27.2\grpc-context-1.27.2.jar;C:\Users\trand\AppData\Local\Coursier\cache\v1\https\repo1.maven.org\maven2\com\google\code\gson\gson\2.10.1\gson-2.10.1.jar;C:\Users\trand\AppData\Local\Coursier\cache\v1\https\repo1.maven.org\maven2\org\scala-sbt\util-interface\1.10.4\util-interface-1.10.4.jar;C:\Users\trand\AppData\Local\Coursier\cache\v1\https\repo1.maven.org\maven2\org\scalameta\trees_2.13\4.13.9\trees_2.13-4.13.9.jar;C:\Users\trand\AppData\Local\Coursier\cache\v1\https\repo1.maven.org\maven2\io\github\java-diff-utils\java-diff-utils\4.12\java-diff-utils-4.12.jar;C:\Users\trand\AppData\Local\Coursier\cache\v1\https\repo1.maven.org\maven2\ch\epfl\scala\libdaemon_2.13\0.0.12\libdaemon_2.13-0.0.12.jar;C:\Users\trand\AppData\Local\Coursier\cache\v1\https\repo1.maven.org\maven2\io\github\alexarchambault\scala-cli\snailgun\snailgun-core_2.13\0.4.1-sc2\snailgun-core_2.13-0.4.1-sc2.jar;C:\Users\trand\AppData\Local\Coursier\cache\v1\https\repo1.maven.org\maven2\io\get-coursier\coursier_2.13\2.1.24\coursier_2.13-2.1.24.jar;C:\Users\trand\AppData\Local\Coursier\cache\v1\https\repo1.maven.org\maven2\io\get-coursier\coursier-env_2.13\2.1.24\coursier-env_2.13-2.1.24.jar;C:\Users\trand\AppData\Local\Coursier\cache\v1\https\repo1.maven.org\maven2\com\googlecode\javaewah\JavaEWAH\1.2.3\JavaEWAH-1.2.3.jar;C:\Users\trand\AppData\Local\Coursier\cache\v1\https\repo1.maven.org\maven2\org\eclipse\xtend\org.eclipse.xtend.lib\2.28.0\org.eclipse.xtend.lib-2.28.0.jar;C:\Users\trand\AppData\Local\Coursier\cache\v1\https\repo1.maven.org\maven2\org\scalameta\common_2.13\4.13.9\common_2.13-4.13.9.jar;C:\Users\trand\AppData\Local\Coursier\cache\v1\https\repo1.maven.org\maven2\org\scalameta\io_2.13\4.13.9\io_2.13-4.13.9.jar;C:\Users\trand\AppData\Local\Coursier\cache\v1\https\repo1.maven.org\maven2\org\eclipse\xtext\org.eclipse.xtext.xbase.lib\2.28.0\org.eclipse.xtext.xbase.lib-2.28.0.jar;C:\Users\trand\AppData\Local\Coursier\cache\v1\https\repo1.maven.org\maven2\org\eclipse\xtend\org.eclipse.xtend.lib.macro\2.28.0\org.eclipse.xtend.lib.macro-2.28.0.jar, scala.cli.ScalaCli, bsp, --workspace, C:\Users\trand\AppData\Local\Temp\metals-scala-cli12055644427132000387, --semantic-db-source-root, C:\Users\trand\OneDrive\Máy tính, C:\Users\trand\OneDrive\Máy tính\build.sbt)
2025.09.25 12:22:16 INFO  tracing is disabled for protocol BSP, to enable tracing of incoming and outgoing JSON messages create an empty file at C:\Users\trand\OneDrive\Máy tính\.metals\bsp.trace.json or C:\Users\trand\AppData\Local\scalameta\metals\cache\bsp.trace.json
2025.09.25 12:22:17 INFO  Scala CLI: [error]  C:\Users\trand\OneDrive\Máy tính\build.sbt: unrecognized source type (expected .scala or .sc extension, or a directory).
2025.09.25 12:23:16 ERROR Timeout waiting for 'build/initialize' response
2025.09.25 12:23:16 WARN  Retrying connection to the build server Scala CLI
2025.09.25 12:23:16 INFO  Running List(C:\Program Files\Java\jdk-17\bin\java.exe, -cp, C:\Users\trand\AppData\Local\Coursier\cache\v1\https\repo1.maven.org\maven2\org\virtuslab\scala-cli\cli_3\1.8.5\cli_3-1.8.5.jar;C:\Users\trand\AppData\Local\Coursier\cache\v1\https\repo1.maven.org\maven2\com\github\alexarchambault\case-app_3\2.1.0-M30\case-app_3-2.1.0-M30.jar;C:\Users\trand\AppData\Local\Coursier\cache\v1\https\repo1.maven.org\maven2\io\get-coursier\coursier-launcher_2.13\2.1.24\coursier-launcher_2.13-2.1.24.jar;C:\Users\trand\AppData\Local\Coursier\cache\v1\https\repo1.maven.org\maven2\io\get-coursier\coursier-proxy-setup\2.1.24\coursier-proxy-setup-2.1.24.jar;C:\Users\trand\AppData\Local\Coursier\cache\v1\https\repo1.maven.org\maven2\io\get-coursier\publish\publish_3\0.4.3\publish_3-0.4.3.jar;C:\Users\trand\AppData\Local\Coursier\cache\v1\https\repo1.maven.org\maven2\com\google\jimfs\jimfs\1.3.1\jimfs-1.3.1.jar;C:\Users\trand\AppData\Local\Coursier\cache\v1\https\repo1.maven.org\maven2\io\get-coursier\jniutils\windows-jni-utils\0.3.3\windows-jni-utils-0.3.3.jar;C:\Users\trand\AppData\Local\Coursier\cache\v1\https\repo1.maven.org\maven2\com\github\plokhotnyuk\jsoniter-scala\jsoniter-scala-core_3\2.13.5.2\jsoniter-scala-core_3-2.13.5.2.jar;C:\Users\trand\AppData\Local\Coursier\cache\v1\https\repo1.maven.org\maven2\org\virtuslab\scala-cli\libsodiumjni\0.0.4\libsodiumjni-0.0.4.jar;C:\Users\trand\AppData\Local\Coursier\cache\v1\https\repo1.maven.org\maven2\org\scalameta\metaconfig-typesafe-config_3\0.16.0\metaconfig-typesafe-config_3-0.16.0.jar;C:\Users\trand\AppData\Local\Coursier\cache\v1\https\repo1.maven.org\maven2\ai\kien\python-native-libs_3\0.2.4\python-native-libs_3-0.2.4.jar;C:\Users\trand\AppData\Local\Coursier\cache\v1\https\repo1.maven.org\maven2\org\virtuslab\scala-packager_2.13\0.1.33\scala-packager_2.13-0.1.33.jar;C:\Users\trand\AppData\Local\Coursier\cache\v1\https\repo1.maven.org\maven2\org\virtuslab\scala-cli-signing\cli_3\0.2.11\cli_3-0.2.11.jar;C:\Users\trand\AppData\Local\Coursier\cache\v1\https\repo1.maven.org\maven2\org\slf4j\slf4j-nop\2.0.17\slf4j-nop-2.0.17.jar;C:\Users\trand\AppData\Local\Coursier\cache\v1\https\repo1.maven.org\maven2\com\softwaremill\sttp\client3\core_3\3.11.0\core_3-3.11.0.jar;C:\Users\trand\AppData\Local\Coursier\cache\v1\https\repo1.maven.org\maven2\ch\epfl\scala\scalafix-interfaces\0.14.3\scalafix-interfaces-0.14.3.jar;C:\Users\trand\AppData\Local\Coursier\cache\v1\https\repo1.maven.org\maven2\org\scala-lang\scala3-library_3\3.3.6\scala3-library_3-3.3.6.jar;C:\Users\trand\AppData\Local\Coursier\cache\v1\https\repo1.maven.org\maven2\org\virtuslab\scala-cli\build-module_3\1.8.5\build-module_3-1.8.5.jar;C:\Users\trand\AppData\Local\Coursier\cache\v1\https\repo1.maven.org\maven2\org\virtuslab\scala-cli\config_3\1.8.5\config_3-1.8.5.jar;C:\Users\trand\AppData\Local\Coursier\cache\v1\https\repo1.maven.org\maven2\org\virtuslab\scala-cli\scala3-graal_3\1.8.5\scala3-graal_3-1.8.5.jar;C:\Users\trand\AppData\Local\Coursier\cache\v1\https\repo1.maven.org\maven2\org\virtuslab\scala-cli\specification-level_3\1.8.5\specification-level_3-1.8.5.jar;C:\Users\trand\AppData\Local\Coursier\cache\v1\https\repo1.maven.org\maven2\com\lihaoyi\sourcecode_3\0.4.3-M5\sourcecode_3-0.4.3-M5.jar;C:\Users\trand\AppData\Local\Coursier\cache\v1\https\repo1.maven.org\maven2\com\github\alexarchambault\case-app-annotations_3\2.1.0-M30\case-app-annotations_3-2.1.0-M30.jar;C:\Users\trand\AppData\Local\Coursier\cache\v1\https\repo1.maven.org\maven2\com\github\alexarchambault\case-app-util_3\2.1.0-M30\case-app-util_3-2.1.0-M30.jar;C:\Users\trand\AppData\Local\Coursier\cache\v1\https\repo1.maven.org\maven2\io\github\alexarchambault\scala-cli\tmp\zip-input-stream\0.1.1\zip-input-stream-0.1.1.jar;C:\Users\trand\AppData\Local\Coursier\cache\v1\https\repo1.maven.org\maven2\org\scala-lang\scala-library\2.13.16\scala-library-2.13.16.jar;C:\Users\trand\AppData\Local\Coursier\cache\v1\https\repo1.maven.org\maven2\io\get-coursier\coursier-cache_2.13\2.1.24\coursier-cache_2.13-2.1.24.jar;C:\Users\trand\AppData\Local\Coursier\cache\v1\https\repo1.maven.org\maven2\io\get-coursier\coursier-core_2.13\2.1.24\coursier-core_2.13-2.1.24.jar;C:\Users\trand\AppData\Local\Coursier\cache\v1\https\repo1.maven.org\maven2\com\google\guava\guava\33.4.8-jre\guava-33.4.8-jre.jar;C:\Users\trand\AppData\Local\Coursier\cache\v1\https\repo1.maven.org\maven2\net\java\dev\jna\jna\5.13.0\jna-5.13.0.jar;C:\Users\trand\AppData\Local\Coursier\cache\v1\https\repo1.maven.org\maven2\net\java\dev\jna\jna-platform\5.12.1\jna-platform-5.12.1.jar;C:\Users\trand\AppData\Local\Coursier\cache\v1\https\repo1.maven.org\maven2\org\scalameta\metaconfig-core_3\0.16.0\metaconfig-core_3-0.16.0.jar;C:\Users\trand\AppData\Local\Coursier\cache\v1\https\repo1.maven.org\maven2\com\typesafe\config\1.4.3\config-1.4.3.jar;C:\Users\trand\AppData\Local\Coursier\cache\v1\https\repo1.maven.org\maven2\org\scala-lang\modules\scala-collection-compat_3\2.13.0\scala-collection-compat_3-2.13.0.jar;C:\Users\trand\AppData\Local\Coursier\cache\v1\https\repo1.maven.org\maven2\commons-io\commons-io\2.19.0\commons-io-2.19.0.jar;C:\Users\trand\AppData\Local\Coursier\cache\v1\https\repo1.maven.org\maven2\com\google\cloud\tools\jib-core\0.27.3\jib-core-0.27.3.jar;C:\Users\trand\AppData\Local\Coursier\cache\v1\https\repo1.maven.org\maven2\org\bouncycastle\bcpg-jdk18on\1.81\bcpg-jdk18on-1.81.jar;C:\Users\trand\AppData\Local\Coursier\cache\v1\https\repo1.maven.org\maven2\org\bouncycastle\bcutil-jdk18on\1.81\bcutil-jdk18on-1.81.jar;C:\Users\trand\AppData\Local\Coursier\cache\v1\https\repo1.maven.org\maven2\org\virtuslab\scala-cli-signing\shared_3\0.2.11\shared_3-0.2.11.jar;C:\Users\trand\AppData\Local\Coursier\cache\v1\https\repo1.maven.org\maven2\org\slf4j\slf4j-api\2.0.17\slf4j-api-2.0.17.jar;C:\Users\trand\AppData\Local\Coursier\cache\v1\https\repo1.maven.org\maven2\com\softwaremill\sttp\model\core_3\1.7.11\core_3-1.7.11.jar;C:\Users\trand\AppData\Local\Coursier\cache\v1\https\repo1.maven.org\maven2\com\softwaremill\sttp\shared\core_3\1.3.22\core_3-1.3.22.jar;C:\Users\trand\AppData\Local\Coursier\cache\v1\https\repo1.maven.org\maven2\com\softwaremill\sttp\shared\ws_3\1.3.22\ws_3-1.3.22.jar;C:\Users\trand\AppData\Local\Coursier\cache\v1\https\repo1.maven.org\maven2\io\get-coursier\interface\1.0.28\interface-1.0.28.jar;C:\Users\trand\AppData\Local\Coursier\cache\v1\https\repo1.maven.org\maven2\org\ow2\asm\asm\9.8\asm-9.8.jar;C:\Users\trand\AppData\Local\Coursier\cache\v1\https\repo1.maven.org\maven2\org\virtuslab\scala-cli\java-class-name\java-class-name_3\0.1.8\java-class-name_3-0.1.8.jar;C:\Users\trand\AppData\Local\Coursier\cache\v1\https\repo1.maven.org\maven2\org\scalameta\semanticdb-shared_2.13\4.13.9\semanticdb-shared_2.13-4.13.9.jar;C:\Users\trand\AppData\Local\Coursier\cache\v1\https\repo1.maven.org\maven2\org\scala-native\test-runner_3\0.5.8\test-runner_3-0.5.8.jar;C:\Users\trand\AppData\Local\Coursier\cache\v1\https\repo1.maven.org\maven2\com\lihaoyi\os-lib_3\0.11.5\os-lib_3-0.11.5.jar;C:\Users\trand\AppData\Local\Coursier\cache\v1\https\repo1.maven.org\maven2\com\lihaoyi\pprint_3\0.9.3\pprint_3-0.9.3.jar;C:\Users\trand\AppData\Local\Coursier\cache\v1\https\repo1.maven.org\maven2\org\scala-js\scalajs-env-nodejs_2.13\1.4.0\scalajs-env-nodejs_2.13-1.4.0.jar;C:\Users\trand\AppData\Local\Coursier\cache\v1\https\repo1.maven.org\maven2\org\scala-js\scalajs-sbt-test-adapter_2.13\1.19.0\scalajs-sbt-test-adapter_2.13-1.19.0.jar;C:\Users\trand\AppData\Local\Coursier\cache\v1\https\repo1.maven.org\maven2\com\swoval\file-tree-views\2.1.12\file-tree-views-2.1.12.jar;C:\Users\trand\AppData\Local\Coursier\cache\v1\https\repo1.maven.org\maven2\org\virtuslab\scala-cli\zip-input-stream\zip-input-stream\0.1.3\zip-input-stream-0.1.3.jar;C:\Users\trand\AppData\Local\Coursier\cache\v1\https\repo1.maven.org\maven2\org\virtuslab\scala-cli\options_3\1.8.5\options_3-1.8.5.jar;C:\Users\trand\AppData\Local\Coursier\cache\v1\https\repo1.maven.org\maven2\org\virtuslab\scala-cli\directives_3\1.8.5\directives_3-1.8.5.jar;C:\Users\trand\AppData\Local\Coursier\cache\v1\https\repo1.maven.org\maven2\org\virtuslab\scala-cli\scala-cli-bsp\1.8.5\scala-cli-bsp-1.8.5.jar;C:\Users\trand\AppData\Local\Coursier\cache\v1\https\repo1.maven.org\maven2\org\virtuslab\scala-cli\test-runner_3\1.8.5\test-runner_3-1.8.5.jar;C:\Users\trand\AppData\Local\Coursier\cache\v1\https\repo1.maven.org\maven2\org\virtuslab\scala-cli\tasty-lib_3\1.8.5\tasty-lib_3-1.8.5.jar;C:\Users\trand\AppData\Local\Coursier\cache\v1\https\repo1.maven.org\maven2\io\github\alexarchambault\is-terminal\0.1.1\is-terminal-0.1.1.jar;C:\Users\trand\AppData\Local\Coursier\cache\v1\https\repo1.maven.org\maven2\org\codehaus\plexus\plexus-archiver\4.10.0\plexus-archiver-4.10.0.jar;C:\Users\trand\AppData\Local\Coursier\cache\v1\https\repo1.maven.org\maven2\org\codehaus\plexus\plexus-container-default\2.1.1\plexus-container-default-2.1.1.jar;C:\Users\trand\AppData\Local\Coursier\cache\v1\https\repo1.maven.org\maven2\io\github\alexarchambault\windows-ansi\windows-ansi\0.0.6\windows-ansi-0.0.6.jar;C:\Users\trand\AppData\Local\Coursier\cache\v1\https\repo1.maven.org\maven2\io\get-coursier\cache-util\2.1.24\cache-util-2.1.24.jar;C:\Users\trand\AppData\Local\Coursier\cache\v1\https\repo1.maven.org\maven2\io\get-coursier\coursier-util_2.13\2.1.24\coursier-util_2.13-2.1.24.jar;C:\Users\trand\AppData\Local\Coursier\cache\v1\https\repo1.maven.org\maven2\io\github\alexarchambault\concurrent-reference-hash-map\1.1.0\concurrent-reference-hash-map-1.1.0.jar;C:\Users\trand\AppData\Local\Coursier\cache\v1\https\repo1.maven.org\maven2\org\scala-lang\modules\scala-xml_2.13\2.3.0\scala-xml_2.13-2.3.0.jar;C:\Users\trand\AppData\Local\Coursier\cache\v1\https\repo1.maven.org\maven2\com\google\guava\failureaccess\1.0.3\failureaccess-1.0.3.jar;C:\Users\trand\AppData\Local\Coursier\cache\v1\https\repo1.maven.org\maven2\com\google\guava\listenablefuture\9999.0-empty-to-avoid-conflict-with-guava\listenablefuture-9999.0-empty-to-avoid-conflict-with-guava.jar;C:\Users\trand\AppData\Local\Coursier\cache\v1\https\repo1.maven.org\maven2\org\jspecify\jspecify\1.0.0\jspecify-1.0.0.jar;C:\Users\trand\AppData\Local\Coursier\cache\v1\https\repo1.maven.org\maven2\com\google\errorprone\error_prone_annotations\2.36.0\error_prone_annotations-2.36.0.jar;C:\Users\trand\AppData\Local\Coursier\cache\v1\https\repo1.maven.org\maven2\com\google\j2objc\j2objc-annotations\3.0.0\j2objc-annotations-3.0.0.jar;C:\Users\trand\AppData\Local\Coursier\cache\v1\https\repo1.maven.org\maven2\org\scalameta\metaconfig-pprint_3\0.16.0\metaconfig-pprint_3-0.16.0.jar;C:\Users\trand\AppData\Local\Coursier\cache\v1\https\repo1.maven.org\maven2\org\typelevel\paiges-core_3\0.4.4\paiges-core_3-0.4.4.jar;C:\Users\trand\AppData\Local\Coursier\cache\v1\https\repo1.maven.org\maven2\org\scala-lang\scala-reflect\2.13.16\scala-reflect-2.13.16.jar;C:\Users\trand\AppData\Local\Coursier\cache\v1\https\repo1.maven.org\maven2\com\google\cloud\tools\jib-build-plan\0.4.0\jib-build-plan-0.4.0.jar;C:\Users\trand\AppData\Local\Coursier\cache\v1\https\repo1.maven.org\maven2\com\google\http-client\google-http-client\1.42.2\google-http-client-1.42.2.jar;C:\Users\trand\AppData\Local\Coursier\cache\v1\https\repo1.maven.org\maven2\com\google\http-client\google-http-client-apache-v2\1.42.2\google-http-client-apache-v2-1.42.2.jar;C:\Users\trand\AppData\Local\Coursier\cache\v1\https\repo1.maven.org\maven2\com\google\auth\google-auth-library-oauth2-http\1.10.0\google-auth-library-oauth2-http-1.10.0.jar;C:\Users\trand\AppData\Local\Coursier\cache\v1\https\repo1.maven.org\maven2\org\apache\commons\commons-compress\1.26.2\commons-compress-1.26.2.jar;C:\Users\trand\AppData\Local\Coursier\cache\v1\https\repo1.maven.org\maven2\com\fasterxml\jackson\core\jackson-databind\2.15.2\jackson-databind-2.15.2.jar;C:\Users\trand\AppData\Local\Coursier\cache\v1\https\repo1.maven.org\maven2\com\fasterxml\jackson\datatype\jackson-datatype-jsr310\2.15.2\jackson-datatype-jsr310-2.15.2.jar;C:\Users\trand\AppData\Local\Coursier\cache\v1\https\repo1.maven.org\maven2\org\bouncycastle\bcprov-jdk18on\1.81\bcprov-jdk18on-1.81.jar;C:\Users\trand\AppData\Local\Coursier\cache\v1\https\repo1.maven.org\maven2\org\jline\jline-terminal-jni\3.25.0\jline-terminal-jni-3.25.0.jar;C:\Users\trand\AppData\Local\Coursier\cache\v1\https\repo1.maven.org\maven2\org\jline\jline-native\3.25.0\jline-native-3.25.0.jar;C:\Users\trand\AppData\Local\Coursier\cache\v1\https\repo1.maven.org\maven2\org\scala-lang\scala3-compiler_3\3.3.6\scala3-compiler_3-3.3.6.jar;C:\Users\trand\AppData\Local\Coursier\cache\v1\https\repo1.maven.org\maven2\org\scalameta\scalameta_2.13\4.13.9\scalameta_2.13-4.13.9.jar;C:\Users\trand\AppData\Local\Coursier\cache\v1\https\repo1.maven.org\maven2\org\scala-lang\scalap\2.13.13\scalap-2.13.13.jar;C:\Users\trand\AppData\Local\Coursier\cache\v1\https\repo1.maven.org\maven2\com\thesamet\scalapb\scalapb-runtime_2.13\0.11.15\scalapb-runtime_2.13-0.11.15.jar;C:\Users\trand\AppData\Local\Coursier\cache\v1\https\repo1.maven.org\maven2\org\scala-native\tools_3\0.5.8\tools_3-0.5.8.jar;C:\Users\trand\AppData\Local\Coursier\cache\v1\https\repo1.maven.org\maven2\org\scala-sbt\test-interface\1.0\test-interface-1.0.jar;C:\Users\trand\AppData\Local\Coursier\cache\v1\https\repo1.maven.org\maven2\com\github\sbt\junit-interface\0.13.3\junit-interface-0.13.3.jar;C:\Users\trand\AppData\Local\Coursier\cache\v1\https\repo1.maven.org\maven2\junit\junit\4.13.2\junit-4.13.2.jar;C:\Users\trand\AppData\Local\Coursier\cache\v1\https\repo1.maven.org\maven2\com\lihaoyi\geny_3\1.1.1\geny_3-1.1.1.jar;C:\Users\trand\AppData\Local\Coursier\cache\v1\https\repo1.maven.org\maven2\com\lihaoyi\os-zip\0.11.5\os-zip-0.11.5.jar;C:\Users\trand\AppData\Local\Coursier\cache\v1\https\repo1.maven.org\maven2\com\lihaoyi\fansi_3\0.5.1\fansi_3-0.5.1.jar;C:\Users\trand\AppData\Local\Coursier\cache\v1\https\repo1.maven.org\maven2\org\scala-js\scalajs-js-envs_2.13\1.4.0\scalajs-js-envs_2.13-1.4.0.jar;C:\Users\trand\AppData\Local\Coursier\cache\v1\https\repo1.maven.org\maven2\ch\epfl\scala\bloop-config_2.13\2.3.2\bloop-config_2.13-2.3.2.jar;C:\Users\trand\AppData\Local\Coursier\cache\v1\https\repo1.maven.org\maven2\org\virtuslab\scala-cli\core_3\1.8.5\core_3-1.8.5.jar;C:\Users\trand\AppData\Local\Coursier\cache\v1\https\repo1.maven.org\maven2\org\virtuslab\using_directives\1.1.4\using_directives-1.1.4.jar;C:\Users\trand\AppData\Local\Coursier\cache\v1\https\repo1.maven.org\maven2\org\virtuslab\scala-cli\build-macros_3\1.8.5\build-macros_3-1.8.5.jar;C:\Users\trand\AppData\Local\Coursier\cache\v1\https\repo1.maven.org\maven2\ch\epfl\scala\bsp4j\2.1.1\bsp4j-2.1.1.jar;C:\Users\trand\AppData\Local\Coursier\cache\v1\https\repo1.maven.org\maven2\javax\inject\javax.inject\1\javax.inject-1.jar;C:\Users\trand\AppData\Local\Coursier\cache\v1\https\repo1.maven.org\maven2\org\codehaus\plexus\plexus-utils\4.0.1\plexus-utils-4.0.1.jar;C:\Users\trand\AppData\Local\Coursier\cache\v1\https\repo1.maven.org\maven2\org\codehaus\plexus\plexus-io\3.5.0\plexus-io-3.5.0.jar;C:\Users\trand\AppData\Local\Coursier\cache\v1\https\repo1.maven.org\maven2\io\airlift\aircompressor\0.27\aircompressor-0.27.jar;C:\Users\trand\AppData\Local\Coursier\cache\v1\https\repo1.maven.org\maven2\org\tukaani\xz\1.9\xz-1.9.jar;C:\Users\trand\AppData\Local\Coursier\cache\v1\https\repo1.maven.org\maven2\com\github\luben\zstd-jni\1.5.6-3\zstd-jni-1.5.6-3.jar;C:\Users\trand\AppData\Local\Coursier\cache\v1\https\repo1.maven.org\maven2\org\codehaus\plexus\plexus-classworlds\2.6.0\plexus-classworlds-2.6.0.jar;C:\Users\trand\AppData\Local\Coursier\cache\v1\https\repo1.maven.org\maven2\org\apache\xbean\xbean-reflect\3.7\xbean-reflect-3.7.jar;C:\Users\trand\AppData\Local\Coursier\cache\v1\https\repo1.maven.org\maven2\org\fusesource\jansi\jansi\2.4.1\jansi-2.4.1.jar;C:\Users\trand\AppData\Local\Coursier\cache\v1\https\repo1.maven.org\maven2\org\apache\httpcomponents\httpclient\4.5.13\httpclient-4.5.13.jar;C:\Users\trand\AppData\Local\Coursier\cache\v1\https\repo1.maven.org\maven2\org\apache\httpcomponents\httpcore\4.4.15\httpcore-4.4.15.jar;C:\Users\trand\AppData\Local\Coursier\cache\v1\https\repo1.maven.org\maven2\com\google\code\findbugs\jsr305\3.0.2\jsr305-3.0.2.jar;C:\Users\trand\AppData\Local\Coursier\cache\v1\https\repo1.maven.org\maven2\io\opencensus\opencensus-api\0.31.1\opencensus-api-0.31.1.jar;C:\Users\trand\AppData\Local\Coursier\cache\v1\https\repo1.maven.org\maven2\io\opencensus\opencensus-contrib-http-util\0.31.1\opencensus-contrib-http-util-0.31.1.jar;C:\Users\trand\AppData\Local\Coursier\cache\v1\https\repo1.maven.org\maven2\com\google\auto\value\auto-value-annotations\1.9\auto-value-annotations-1.9.jar;C:\Users\trand\AppData\Local\Coursier\cache\v1\https\repo1.maven.org\maven2\com\google\auth\google-auth-library-credentials\1.10.0\google-auth-library-credentials-1.10.0.jar;C:\Users\trand\AppData\Local\Coursier\cache\v1\https\repo1.maven.org\maven2\com\google\http-client\google-http-client-gson\1.42.2\google-http-client-gson-1.42.2.jar;C:\Users\trand\AppData\Local\Coursier\cache\v1\https\repo1.maven.org\maven2\commons-codec\commons-codec\1.17.0\commons-codec-1.17.0.jar;C:\Users\trand\AppData\Local\Coursier\cache\v1\https\repo1.maven.org\maven2\org\apache\commons\commons-lang3\3.14.0\commons-lang3-3.14.0.jar;C:\Users\trand\AppData\Local\Coursier\cache\v1\https\repo1.maven.org\maven2\com\fasterxml\jackson\core\jackson-annotations\2.15.2\jackson-annotations-2.15.2.jar;C:\Users\trand\AppData\Local\Coursier\cache\v1\https\repo1.maven.org\maven2\com\fasterxml\jackson\core\jackson-core\2.15.2\jackson-core-2.15.2.jar;C:\Users\trand\AppData\Local\Coursier\cache\v1\https\repo1.maven.org\maven2\org\scala-lang\scala3-interfaces\3.3.6\scala3-interfaces-3.3.6.jar;C:\Users\trand\AppData\Local\Coursier\cache\v1\https\repo1.maven.org\maven2\org\scala-lang\tasty-core_3\3.3.6\tasty-core_3-3.3.6.jar;C:\Users\trand\AppData\Local\Coursier\cache\v1\https\repo1.maven.org\maven2\org\scala-lang\modules\scala-asm\9.8.0-scala-1\scala-asm-9.8.0-scala-1.jar;C:\Users\trand\AppData\Local\Coursier\cache\v1\https\repo1.maven.org\maven2\org\scala-sbt\compiler-interface\1.10.4\compiler-interface-1.10.4.jar;C:\Users\trand\AppData\Local\Coursier\cache\v1\https\repo1.maven.org\maven2\org\scalameta\parsers_2.13\4.13.9\parsers_2.13-4.13.9.jar;C:\Users\trand\AppData\Local\Coursier\cache\v1\https\repo1.maven.org\maven2\org\scala-lang\scala-compiler\2.13.13\scala-compiler-2.13.13.jar;C:\Users\trand\AppData\Local\Coursier\cache\v1\https\repo1.maven.org\maven2\com\thesamet\scalapb\lenses_2.13\0.11.15\lenses_2.13-0.11.15.jar;C:\Users\trand\AppData\Local\Coursier\cache\v1\https\repo1.maven.org\maven2\com\google\protobuf\protobuf-java\3.19.6\protobuf-java-3.19.6.jar;C:\Users\trand\AppData\Local\Coursier\cache\v1\https\repo1.maven.org\maven2\org\scala-native\nir_3\0.5.8\nir_3-0.5.8.jar;C:\Users\trand\AppData\Local\Coursier\cache\v1\https\repo1.maven.org\maven2\org\scala-native\util_3\0.5.8\util_3-0.5.8.jar;C:\Users\trand\AppData\Local\Coursier\cache\v1\https\repo1.maven.org\maven2\org\hamcrest\hamcrest-core\1.3\hamcrest-core-1.3.jar;C:\Users\trand\AppData\Local\Coursier\cache\v1\https\repo1.maven.org\maven2\org\scala-js\scalajs-logging_2.13\1.1.1\scalajs-logging_2.13-1.1.1.jar;C:\Users\trand\AppData\Local\Coursier\cache\v1\https\repo1.maven.org\maven2\com\lihaoyi\unroll-annotation_2.13\0.1.12\unroll-annotation_2.13-0.1.12.jar;C:\Users\trand\AppData\Local\Coursier\cache\v1\https\repo1.maven.org\maven2\ch\epfl\scala\bloop-rifle_2.13\2.0.13\bloop-rifle_2.13-2.0.13.jar;C:\Users\trand\AppData\Local\Coursier\cache\v1\https\repo1.maven.org\maven2\io\get-coursier\coursier-jvm_2.13\2.1.24\coursier-jvm_2.13-2.1.24.jar;C:\Users\trand\AppData\Local\Coursier\cache\v1\https\repo1.maven.org\maven2\io\get-coursier\dependency_3\0.3.2\dependency_3-0.3.2.jar;C:\Users\trand\AppData\Local\Coursier\cache\v1\https\repo1.maven.org\maven2\org\eclipse\jgit\org.eclipse.jgit\6.8.0.202311291450-r\org.eclipse.jgit-6.8.0.202311291450-r.jar;C:\Users\trand\AppData\Local\Coursier\cache\v1\https\repo1.maven.org\maven2\org\scala-js\scalajs-env-jsdom-nodejs_2.13\1.1.0\scalajs-env-jsdom-nodejs_2.13-1.1.0.jar;C:\Users\trand\AppData\Local\Coursier\cache\v1\https\repo1.maven.org\maven2\org\eclipse\lsp4j\org.eclipse.lsp4j.generator\0.20.1\org.eclipse.lsp4j.generator-0.20.1.jar;C:\Users\trand\AppData\Local\Coursier\cache\v1\https\repo1.maven.org\maven2\org\eclipse\lsp4j\org.eclipse.lsp4j.jsonrpc\0.20.1\org.eclipse.lsp4j.jsonrpc-0.20.1.jar;C:\Users\trand\AppData\Local\Coursier\cache\v1\https\repo1.maven.org\maven2\commons-logging\commons-logging\1.2\commons-logging-1.2.jar;C:\Users\trand\AppData\Local\Coursier\cache\v1\https\repo1.maven.org\maven2\io\grpc\grpc-context\1.27.2\grpc-context-1.27.2.jar;C:\Users\trand\AppData\Local\Coursier\cache\v1\https\repo1.maven.org\maven2\com\google\code\gson\gson\2.10.1\gson-2.10.1.jar;C:\Users\trand\AppData\Local\Coursier\cache\v1\https\repo1.maven.org\maven2\org\scala-sbt\util-interface\1.10.4\util-interface-1.10.4.jar;C:\Users\trand\AppData\Local\Coursier\cache\v1\https\repo1.maven.org\maven2\org\scalameta\trees_2.13\4.13.9\trees_2.13-4.13.9.jar;C:\Users\trand\AppData\Local\Coursier\cache\v1\https\repo1.maven.org\maven2\io\github\java-diff-utils\java-diff-utils\4.12\java-diff-utils-4.12.jar;C:\Users\trand\AppData\Local\Coursier\cache\v1\https\repo1.maven.org\maven2\ch\epfl\scala\libdaemon_2.13\0.0.12\libdaemon_2.13-0.0.12.jar;C:\Users\trand\AppData\Local\Coursier\cache\v1\https\repo1.maven.org\maven2\io\github\alexarchambault\scala-cli\snailgun\snailgun-core_2.13\0.4.1-sc2\snailgun-core_2.13-0.4.1-sc2.jar;C:\Users\trand\AppData\Local\Coursier\cache\v1\https\repo1.maven.org\maven2\io\get-coursier\coursier_2.13\2.1.24\coursier_2.13-2.1.24.jar;C:\Users\trand\AppData\Local\Coursier\cache\v1\https\repo1.maven.org\maven2\io\get-coursier\coursier-env_2.13\2.1.24\coursier-env_2.13-2.1.24.jar;C:\Users\trand\AppData\Local\Coursier\cache\v1\https\repo1.maven.org\maven2\com\googlecode\javaewah\JavaEWAH\1.2.3\JavaEWAH-1.2.3.jar;C:\Users\trand\AppData\Local\Coursier\cache\v1\https\repo1.maven.org\maven2\org\eclipse\xtend\org.eclipse.xtend.lib\2.28.0\org.eclipse.xtend.lib-2.28.0.jar;C:\Users\trand\AppData\Local\Coursier\cache\v1\https\repo1.maven.org\maven2\org\scalameta\common_2.13\4.13.9\common_2.13-4.13.9.jar;C:\Users\trand\AppData\Local\Coursier\cache\v1\https\repo1.maven.org\maven2\org\scalameta\io_2.13\4.13.9\io_2.13-4.13.9.jar;C:\Users\trand\AppData\Local\Coursier\cache\v1\https\repo1.maven.org\maven2\org\eclipse\xtext\org.eclipse.xtext.xbase.lib\2.28.0\org.eclipse.xtext.xbase.lib-2.28.0.jar;C:\Users\trand\AppData\Local\Coursier\cache\v1\https\repo1.maven.org\maven2\org\eclipse\xtend\org.eclipse.xtend.lib.macro\2.28.0\org.eclipse.xtend.lib.macro-2.28.0.jar, scala.cli.ScalaCli, bsp, --workspace, C:\Users\trand\AppData\Local\Temp\metals-scala-cli12055644427132000387, --semantic-db-source-root, C:\Users\trand\OneDrive\Máy tính, C:\Users\trand\OneDrive\Máy tính\build.sbt)
2025.09.25 12:23:16 INFO  tracing is disabled for protocol BSP, to enable tracing of incoming and outgoing JSON messages create an empty file at C:\Users\trand\OneDrive\Máy tính\.metals\bsp.trace.json or C:\Users\trand\AppData\Local\scalameta\metals\cache\bsp.trace.json
2025.09.25 12:23:17 INFO  Scala CLI: [error]  C:\Users\trand\OneDrive\Máy tính\build.sbt: unrecognized source type (expected .scala or .sc extension, or a directory).
2025.09.25 12:24:16 ERROR Timeout waiting for 'build/initialize' response
2025.09.25 12:24:16 WARN  Retrying connection to the build server Scala CLI
2025.09.25 12:24:16 INFO  Running List(C:\Program Files\Java\jdk-17\bin\java.exe, -cp, C:\Users\trand\AppData\Local\Coursier\cache\v1\https\repo1.maven.org\maven2\org\virtuslab\scala-cli\cli_3\1.8.5\cli_3-1.8.5.jar;C:\Users\trand\AppData\Local\Coursier\cache\v1\https\repo1.maven.org\maven2\com\github\alexarchambault\case-app_3\2.1.0-M30\case-app_3-2.1.0-M30.jar;C:\Users\trand\AppData\Local\Coursier\cache\v1\https\repo1.maven.org\maven2\io\get-coursier\coursier-launcher_2.13\2.1.24\coursier-launcher_2.13-2.1.24.jar;C:\Users\trand\AppData\Local\Coursier\cache\v1\https\repo1.maven.org\maven2\io\get-coursier\coursier-proxy-setup\2.1.24\coursier-proxy-setup-2.1.24.jar;C:\Users\trand\AppData\Local\Coursier\cache\v1\https\repo1.maven.org\maven2\io\get-coursier\publish\publish_3\0.4.3\publish_3-0.4.3.jar;C:\Users\trand\AppData\Local\Coursier\cache\v1\https\repo1.maven.org\maven2\com\google\jimfs\jimfs\1.3.1\jimfs-1.3.1.jar;C:\Users\trand\AppData\Local\Coursier\cache\v1\https\repo1.maven.org\maven2\io\get-coursier\jniutils\windows-jni-utils\0.3.3\windows-jni-utils-0.3.3.jar;C:\Users\trand\AppData\Local\Coursier\cache\v1\https\repo1.maven.org\maven2\com\github\plokhotnyuk\jsoniter-scala\jsoniter-scala-core_3\2.13.5.2\jsoniter-scala-core_3-2.13.5.2.jar;C:\Users\trand\AppData\Local\Coursier\cache\v1\https\repo1.maven.org\maven2\org\virtuslab\scala-cli\libsodiumjni\0.0.4\libsodiumjni-0.0.4.jar;C:\Users\trand\AppData\Local\Coursier\cache\v1\https\repo1.maven.org\maven2\org\scalameta\metaconfig-typesafe-config_3\0.16.0\metaconfig-typesafe-config_3-0.16.0.jar;C:\Users\trand\AppData\Local\Coursier\cache\v1\https\repo1.maven.org\maven2\ai\kien\python-native-libs_3\0.2.4\python-native-libs_3-0.2.4.jar;C:\Users\trand\AppData\Local\Coursier\cache\v1\https\repo1.maven.org\maven2\org\virtuslab\scala-packager_2.13\0.1.33\scala-packager_2.13-0.1.33.jar;C:\Users\trand\AppData\Local\Coursier\cache\v1\https\repo1.maven.org\maven2\org\virtuslab\scala-cli-signing\cli_3\0.2.11\cli_3-0.2.11.jar;C:\Users\trand\AppData\Local\Coursier\cache\v1\https\repo1.maven.org\maven2\org\slf4j\slf4j-nop\2.0.17\slf4j-nop-2.0.17.jar;C:\Users\trand\AppData\Local\Coursier\cache\v1\https\repo1.maven.org\maven2\com\softwaremill\sttp\client3\core_3\3.11.0\core_3-3.11.0.jar;C:\Users\trand\AppData\Local\Coursier\cache\v1\https\repo1.maven.org\maven2\ch\epfl\scala\scalafix-interfaces\0.14.3\scalafix-interfaces-0.14.3.jar;C:\Users\trand\AppData\Local\Coursier\cache\v1\https\repo1.maven.org\maven2\org\scala-lang\scala3-library_3\3.3.6\scala3-library_3-3.3.6.jar;C:\Users\trand\AppData\Local\Coursier\cache\v1\https\repo1.maven.org\maven2\org\virtuslab\scala-cli\build-module_3\1.8.5\build-module_3-1.8.5.jar;C:\Users\trand\AppData\Local\Coursier\cache\v1\https\repo1.maven.org\maven2\org\virtuslab\scala-cli\config_3\1.8.5\config_3-1.8.5.jar;C:\Users\trand\AppData\Local\Coursier\cache\v1\https\repo1.maven.org\maven2\org\virtuslab\scala-cli\scala3-graal_3\1.8.5\scala3-graal_3-1.8.5.jar;C:\Users\trand\AppData\Local\Coursier\cache\v1\https\repo1.maven.org\maven2\org\virtuslab\scala-cli\specification-level_3\1.8.5\specification-level_3-1.8.5.jar;C:\Users\trand\AppData\Local\Coursier\cache\v1\https\repo1.maven.org\maven2\com\lihaoyi\sourcecode_3\0.4.3-M5\sourcecode_3-0.4.3-M5.jar;C:\Users\trand\AppData\Local\Coursier\cache\v1\https\repo1.maven.org\maven2\com\github\alexarchambault\case-app-annotations_3\2.1.0-M30\case-app-annotations_3-2.1.0-M30.jar;C:\Users\trand\AppData\Local\Coursier\cache\v1\https\repo1.maven.org\maven2\com\github\alexarchambault\case-app-util_3\2.1.0-M30\case-app-util_3-2.1.0-M30.jar;C:\Users\trand\AppData\Local\Coursier\cache\v1\https\repo1.maven.org\maven2\io\github\alexarchambault\scala-cli\tmp\zip-input-stream\0.1.1\zip-input-stream-0.1.1.jar;C:\Users\trand\AppData\Local\Coursier\cache\v1\https\repo1.maven.org\maven2\org\scala-lang\scala-library\2.13.16\scala-library-2.13.16.jar;C:\Users\trand\AppData\Local\Coursier\cache\v1\https\repo1.maven.org\maven2\io\get-coursier\coursier-cache_2.13\2.1.24\coursier-cache_2.13-2.1.24.jar;C:\Users\trand\AppData\Local\Coursier\cache\v1\https\repo1.maven.org\maven2\io\get-coursier\coursier-core_2.13\2.1.24\coursier-core_2.13-2.1.24.jar;C:\Users\trand\AppData\Local\Coursier\cache\v1\https\repo1.maven.org\maven2\com\google\guava\guava\33.4.8-jre\guava-33.4.8-jre.jar;C:\Users\trand\AppData\Local\Coursier\cache\v1\https\repo1.maven.org\maven2\net\java\dev\jna\jna\5.13.0\jna-5.13.0.jar;C:\Users\trand\AppData\Local\Coursier\cache\v1\https\repo1.maven.org\maven2\net\java\dev\jna\jna-platform\5.12.1\jna-platform-5.12.1.jar;C:\Users\trand\AppData\Local\Coursier\cache\v1\https\repo1.maven.org\maven2\org\scalameta\metaconfig-core_3\0.16.0\metaconfig-core_3-0.16.0.jar;C:\Users\trand\AppData\Local\Coursier\cache\v1\https\repo1.maven.org\maven2\com\typesafe\config\1.4.3\config-1.4.3.jar;C:\Users\trand\AppData\Local\Coursier\cache\v1\https\repo1.maven.org\maven2\org\scala-lang\modules\scala-collection-compat_3\2.13.0\scala-collection-compat_3-2.13.0.jar;C:\Users\trand\AppData\Local\Coursier\cache\v1\https\repo1.maven.org\maven2\commons-io\commons-io\2.19.0\commons-io-2.19.0.jar;C:\Users\trand\AppData\Local\Coursier\cache\v1\https\repo1.maven.org\maven2\com\google\cloud\tools\jib-core\0.27.3\jib-core-0.27.3.jar;C:\Users\trand\AppData\Local\Coursier\cache\v1\https\repo1.maven.org\maven2\org\bouncycastle\bcpg-jdk18on\1.81\bcpg-jdk18on-1.81.jar;C:\Users\trand\AppData\Local\Coursier\cache\v1\https\repo1.maven.org\maven2\org\bouncycastle\bcutil-jdk18on\1.81\bcutil-jdk18on-1.81.jar;C:\Users\trand\AppData\Local\Coursier\cache\v1\https\repo1.maven.org\maven2\org\virtuslab\scala-cli-signing\shared_3\0.2.11\shared_3-0.2.11.jar;C:\Users\trand\AppData\Local\Coursier\cache\v1\https\repo1.maven.org\maven2\org\slf4j\slf4j-api\2.0.17\slf4j-api-2.0.17.jar;C:\Users\trand\AppData\Local\Coursier\cache\v1\https\repo1.maven.org\maven2\com\softwaremill\sttp\model\core_3\1.7.11\core_3-1.7.11.jar;C:\Users\trand\AppData\Local\Coursier\cache\v1\https\repo1.maven.org\maven2\com\softwaremill\sttp\shared\core_3\1.3.22\core_3-1.3.22.jar;C:\Users\trand\AppData\Local\Coursier\cache\v1\https\repo1.maven.org\maven2\com\softwaremill\sttp\shared\ws_3\1.3.22\ws_3-1.3.22.jar;C:\Users\trand\AppData\Local\Coursier\cache\v1\https\repo1.maven.org\maven2\io\get-coursier\interface\1.0.28\interface-1.0.28.jar;C:\Users\trand\AppData\Local\Coursier\cache\v1\https\repo1.maven.org\maven2\org\ow2\asm\asm\9.8\asm-9.8.jar;C:\Users\trand\AppData\Local\Coursier\cache\v1\https\repo1.maven.org\maven2\org\virtuslab\scala-cli\java-class-name\java-class-name_3\0.1.8\java-class-name_3-0.1.8.jar;C:\Users\trand\AppData\Local\Coursier\cache\v1\https\repo1.maven.org\maven2\org\scalameta\semanticdb-shared_2.13\4.13.9\semanticdb-shared_2.13-4.13.9.jar;C:\Users\trand\AppData\Local\Coursier\cache\v1\https\repo1.maven.org\maven2\org\scala-native\test-runner_3\0.5.8\test-runner_3-0.5.8.jar;C:\Users\trand\AppData\Local\Coursier\cache\v1\https\repo1.maven.org\maven2\com\lihaoyi\os-lib_3\0.11.5\os-lib_3-0.11.5.jar;C:\Users\trand\AppData\Local\Coursier\cache\v1\https\repo1.maven.org\maven2\com\lihaoyi\pprint_3\0.9.3\pprint_3-0.9.3.jar;C:\Users\trand\AppData\Local\Coursier\cache\v1\https\repo1.maven.org\maven2\org\scala-js\scalajs-env-nodejs_2.13\1.4.0\scalajs-env-nodejs_2.13-1.4.0.jar;C:\Users\trand\AppData\Local\Coursier\cache\v1\https\repo1.maven.org\maven2\org\scala-js\scalajs-sbt-test-adapter_2.13\1.19.0\scalajs-sbt-test-adapter_2.13-1.19.0.jar;C:\Users\trand\AppData\Local\Coursier\cache\v1\https\repo1.maven.org\maven2\com\swoval\file-tree-views\2.1.12\file-tree-views-2.1.12.jar;C:\Users\trand\AppData\Local\Coursier\cache\v1\https\repo1.maven.org\maven2\org\virtuslab\scala-cli\zip-input-stream\zip-input-stream\0.1.3\zip-input-stream-0.1.3.jar;C:\Users\trand\AppData\Local\Coursier\cache\v1\https\repo1.maven.org\maven2\org\virtuslab\scala-cli\options_3\1.8.5\options_3-1.8.5.jar;C:\Users\trand\AppData\Local\Coursier\cache\v1\https\repo1.maven.org\maven2\org\virtuslab\scala-cli\directives_3\1.8.5\directives_3-1.8.5.jar;C:\Users\trand\AppData\Local\Coursier\cache\v1\https\repo1.maven.org\maven2\org\virtuslab\scala-cli\scala-cli-bsp\1.8.5\scala-cli-bsp-1.8.5.jar;C:\Users\trand\AppData\Local\Coursier\cache\v1\https\repo1.maven.org\maven2\org\virtuslab\scala-cli\test-runner_3\1.8.5\test-runner_3-1.8.5.jar;C:\Users\trand\AppData\Local\Coursier\cache\v1\https\repo1.maven.org\maven2\org\virtuslab\scala-cli\tasty-lib_3\1.8.5\tasty-lib_3-1.8.5.jar;C:\Users\trand\AppData\Local\Coursier\cache\v1\https\repo1.maven.org\maven2\io\github\alexarchambault\is-terminal\0.1.1\is-terminal-0.1.1.jar;C:\Users\trand\AppData\Local\Coursier\cache\v1\https\repo1.maven.org\maven2\org\codehaus\plexus\plexus-archiver\4.10.0\plexus-archiver-4.10.0.jar;C:\Users\trand\AppData\Local\Coursier\cache\v1\https\repo1.maven.org\maven2\org\codehaus\plexus\plexus-container-default\2.1.1\plexus-container-default-2.1.1.jar;C:\Users\trand\AppData\Local\Coursier\cache\v1\https\repo1.maven.org\maven2\io\github\alexarchambault\windows-ansi\windows-ansi\0.0.6\windows-ansi-0.0.6.jar;C:\Users\trand\AppData\Local\Coursier\cache\v1\https\repo1.maven.org\maven2\io\get-coursier\cache-util\2.1.24\cache-util-2.1.24.jar;C:\Users\trand\AppData\Local\Coursier\cache\v1\https\repo1.maven.org\maven2\io\get-coursier\coursier-util_2.13\2.1.24\coursier-util_2.13-2.1.24.jar;C:\Users\trand\AppData\Local\Coursier\cache\v1\https\repo1.maven.org\maven2\io\github\alexarchambault\concurrent-reference-hash-map\1.1.0\concurrent-reference-hash-map-1.1.0.jar;C:\Users\trand\AppData\Local\Coursier\cache\v1\https\repo1.maven.org\maven2\org\scala-lang\modules\scala-xml_2.13\2.3.0\scala-xml_2.13-2.3.0.jar;C:\Users\trand\AppData\Local\Coursier\cache\v1\https\repo1.maven.org\maven2\com\google\guava\failureaccess\1.0.3\failureaccess-1.0.3.jar;C:\Users\trand\AppData\Local\Coursier\cache\v1\https\repo1.maven.org\maven2\com\google\guava\listenablefuture\9999.0-empty-to-avoid-conflict-with-guava\listenablefuture-9999.0-empty-to-avoid-conflict-with-guava.jar;C:\Users\trand\AppData\Local\Coursier\cache\v1\https\repo1.maven.org\maven2\org\jspecify\jspecify\1.0.0\jspecify-1.0.0.jar;C:\Users\trand\AppData\Local\Coursier\cache\v1\https\repo1.maven.org\maven2\com\google\errorprone\error_prone_annotations\2.36.0\error_prone_annotations-2.36.0.jar;C:\Users\trand\AppData\Local\Coursier\cache\v1\https\repo1.maven.org\maven2\com\google\j2objc\j2objc-annotations\3.0.0\j2objc-annotations-3.0.0.jar;C:\Users\trand\AppData\Local\Coursier\cache\v1\https\repo1.maven.org\maven2\org\scalameta\metaconfig-pprint_3\0.16.0\metaconfig-pprint_3-0.16.0.jar;C:\Users\trand\AppData\Local\Coursier\cache\v1\https\repo1.maven.org\maven2\org\typelevel\paiges-core_3\0.4.4\paiges-core_3-0.4.4.jar;C:\Users\trand\AppData\Local\Coursier\cache\v1\https\repo1.maven.org\maven2\org\scala-lang\scala-reflect\2.13.16\scala-reflect-2.13.16.jar;C:\Users\trand\AppData\Local\Coursier\cache\v1\https\repo1.maven.org\maven2\com\google\cloud\tools\jib-build-plan\0.4.0\jib-build-plan-0.4.0.jar;C:\Users\trand\AppData\Local\Coursier\cache\v1\https\repo1.maven.org\maven2\com\google\http-client\google-http-client\1.42.2\google-http-client-1.42.2.jar;C:\Users\trand\AppData\Local\Coursier\cache\v1\https\repo1.maven.org\maven2\com\google\http-client\google-http-client-apache-v2\1.42.2\google-http-client-apache-v2-1.42.2.jar;C:\Users\trand\AppData\Local\Coursier\cache\v1\https\repo1.maven.org\maven2\com\google\auth\google-auth-library-oauth2-http\1.10.0\google-auth-library-oauth2-http-1.10.0.jar;C:\Users\trand\AppData\Local\Coursier\cache\v1\https\repo1.maven.org\maven2\org\apache\commons\commons-compress\1.26.2\commons-compress-1.26.2.jar;C:\Users\trand\AppData\Local\Coursier\cache\v1\https\repo1.maven.org\maven2\com\fasterxml\jackson\core\jackson-databind\2.15.2\jackson-databind-2.15.2.jar;C:\Users\trand\AppData\Local\Coursier\cache\v1\https\repo1.maven.org\maven2\com\fasterxml\jackson\datatype\jackson-datatype-jsr310\2.15.2\jackson-datatype-jsr310-2.15.2.jar;C:\Users\trand\AppData\Local\Coursier\cache\v1\https\repo1.maven.org\maven2\org\bouncycastle\bcprov-jdk18on\1.81\bcprov-jdk18on-1.81.jar;C:\Users\trand\AppData\Local\Coursier\cache\v1\https\repo1.maven.org\maven2\org\jline\jline-terminal-jni\3.25.0\jline-terminal-jni-3.25.0.jar;C:\Users\trand\AppData\Local\Coursier\cache\v1\https\repo1.maven.org\maven2\org\jline\jline-native\3.25.0\jline-native-3.25.0.jar;C:\Users\trand\AppData\Local\Coursier\cache\v1\https\repo1.maven.org\maven2\org\scala-lang\scala3-compiler_3\3.3.6\scala3-compiler_3-3.3.6.jar;C:\Users\trand\AppData\Local\Coursier\cache\v1\https\repo1.maven.org\maven2\org\scalameta\scalameta_2.13\4.13.9\scalameta_2.13-4.13.9.jar;C:\Users\trand\AppData\Local\Coursier\cache\v1\https\repo1.maven.org\maven2\org\scala-lang\scalap\2.13.13\scalap-2.13.13.jar;C:\Users\trand\AppData\Local\Coursier\cache\v1\https\repo1.maven.org\maven2\com\thesamet\scalapb\scalapb-runtime_2.13\0.11.15\scalapb-runtime_2.13-0.11.15.jar;C:\Users\trand\AppData\Local\Coursier\cache\v1\https\repo1.maven.org\maven2\org\scala-native\tools_3\0.5.8\tools_3-0.5.8.jar;C:\Users\trand\AppData\Local\Coursier\cache\v1\https\repo1.maven.org\maven2\org\scala-sbt\test-interface\1.0\test-interface-1.0.jar;C:\Users\trand\AppData\Local\Coursier\cache\v1\https\repo1.maven.org\maven2\com\github\sbt\junit-interface\0.13.3\junit-interface-0.13.3.jar;C:\Users\trand\AppData\Local\Coursier\cache\v1\https\repo1.maven.org\maven2\junit\junit\4.13.2\junit-4.13.2.jar;C:\Users\trand\AppData\Local\Coursier\cache\v1\https\repo1.maven.org\maven2\com\lihaoyi\geny_3\1.1.1\geny_3-1.1.1.jar;C:\Users\trand\AppData\Local\Coursier\cache\v1\https\repo1.maven.org\maven2\com\lihaoyi\os-zip\0.11.5\os-zip-0.11.5.jar;C:\Users\trand\AppData\Local\Coursier\cache\v1\https\repo1.maven.org\maven2\com\lihaoyi\fansi_3\0.5.1\fansi_3-0.5.1.jar;C:\Users\trand\AppData\Local\Coursier\cache\v1\https\repo1.maven.org\maven2\org\scala-js\scalajs-js-envs_2.13\1.4.0\scalajs-js-envs_2.13-1.4.0.jar;C:\Users\trand\AppData\Local\Coursier\cache\v1\https\repo1.maven.org\maven2\ch\epfl\scala\bloop-config_2.13\2.3.2\bloop-config_2.13-2.3.2.jar;C:\Users\trand\AppData\Local\Coursier\cache\v1\https\repo1.maven.org\maven2\org\virtuslab\scala-cli\core_3\1.8.5\core_3-1.8.5.jar;C:\Users\trand\AppData\Local\Coursier\cache\v1\https\repo1.maven.org\maven2\org\virtuslab\using_directives\1.1.4\using_directives-1.1.4.jar;C:\Users\trand\AppData\Local\Coursier\cache\v1\https\repo1.maven.org\maven2\org\virtuslab\scala-cli\build-macros_3\1.8.5\build-macros_3-1.8.5.jar;C:\Users\trand\AppData\Local\Coursier\cache\v1\https\repo1.maven.org\maven2\ch\epfl\scala\bsp4j\2.1.1\bsp4j-2.1.1.jar;C:\Users\trand\AppData\Local\Coursier\cache\v1\https\repo1.maven.org\maven2\javax\inject\javax.inject\1\javax.inject-1.jar;C:\Users\trand\AppData\Local\Coursier\cache\v1\https\repo1.maven.org\maven2\org\codehaus\plexus\plexus-utils\4.0.1\plexus-utils-4.0.1.jar;C:\Users\trand\AppData\Local\Coursier\cache\v1\https\repo1.maven.org\maven2\org\codehaus\plexus\plexus-io\3.5.0\plexus-io-3.5.0.jar;C:\Users\trand\AppData\Local\Coursier\cache\v1\https\repo1.maven.org\maven2\io\airlift\aircompressor\0.27\aircompressor-0.27.jar;C:\Users\trand\AppData\Local\Coursier\cache\v1\https\repo1.maven.org\maven2\org\tukaani\xz\1.9\xz-1.9.jar;C:\Users\trand\AppData\Local\Coursier\cache\v1\https\repo1.maven.org\maven2\com\github\luben\zstd-jni\1.5.6-3\zstd-jni-1.5.6-3.jar;C:\Users\trand\AppData\Local\Coursier\cache\v1\https\repo1.maven.org\maven2\org\codehaus\plexus\plexus-classworlds\2.6.0\plexus-classworlds-2.6.0.jar;C:\Users\trand\AppData\Local\Coursier\cache\v1\https\repo1.maven.org\maven2\org\apache\xbean\xbean-reflect\3.7\xbean-reflect-3.7.jar;C:\Users\trand\AppData\Local\Coursier\cache\v1\https\repo1.maven.org\maven2\org\fusesource\jansi\jansi\2.4.1\jansi-2.4.1.jar;C:\Users\trand\AppData\Local\Coursier\cache\v1\https\repo1.maven.org\maven2\org\apache\httpcomponents\httpclient\4.5.13\httpclient-4.5.13.jar;C:\Users\trand\AppData\Local\Coursier\cache\v1\https\repo1.maven.org\maven2\org\apache\httpcomponents\httpcore\4.4.15\httpcore-4.4.15.jar;C:\Users\trand\AppData\Local\Coursier\cache\v1\https\repo1.maven.org\maven2\com\google\code\findbugs\jsr305\3.0.2\jsr305-3.0.2.jar;C:\Users\trand\AppData\Local\Coursier\cache\v1\https\repo1.maven.org\maven2\io\opencensus\opencensus-api\0.31.1\opencensus-api-0.31.1.jar;C:\Users\trand\AppData\Local\Coursier\cache\v1\https\repo1.maven.org\maven2\io\opencensus\opencensus-contrib-http-util\0.31.1\opencensus-contrib-http-util-0.31.1.jar;C:\Users\trand\AppData\Local\Coursier\cache\v1\https\repo1.maven.org\maven2\com\google\auto\value\auto-value-annotations\1.9\auto-value-annotations-1.9.jar;C:\Users\trand\AppData\Local\Coursier\cache\v1\https\repo1.maven.org\maven2\com\google\auth\google-auth-library-credentials\1.10.0\google-auth-library-credentials-1.10.0.jar;C:\Users\trand\AppData\Local\Coursier\cache\v1\https\repo1.maven.org\maven2\com\google\http-client\google-http-client-gson\1.42.2\google-http-client-gson-1.42.2.jar;C:\Users\trand\AppData\Local\Coursier\cache\v1\https\repo1.maven.org\maven2\commons-codec\commons-codec\1.17.0\commons-codec-1.17.0.jar;C:\Users\trand\AppData\Local\Coursier\cache\v1\https\repo1.maven.org\maven2\org\apache\commons\commons-lang3\3.14.0\commons-lang3-3.14.0.jar;C:\Users\trand\AppData\Local\Coursier\cache\v1\https\repo1.maven.org\maven2\com\fasterxml\jackson\core\jackson-annotations\2.15.2\jackson-annotations-2.15.2.jar;C:\Users\trand\AppData\Local\Coursier\cache\v1\https\repo1.maven.org\maven2\com\fasterxml\jackson\core\jackson-core\2.15.2\jackson-core-2.15.2.jar;C:\Users\trand\AppData\Local\Coursier\cache\v1\https\repo1.maven.org\maven2\org\scala-lang\scala3-interfaces\3.3.6\scala3-interfaces-3.3.6.jar;C:\Users\trand\AppData\Local\Coursier\cache\v1\https\repo1.maven.org\maven2\org\scala-lang\tasty-core_3\3.3.6\tasty-core_3-3.3.6.jar;C:\Users\trand\AppData\Local\Coursier\cache\v1\https\repo1.maven.org\maven2\org\scala-lang\modules\scala-asm\9.8.0-scala-1\scala-asm-9.8.0-scala-1.jar;C:\Users\trand\AppData\Local\Coursier\cache\v1\https\repo1.maven.org\maven2\org\scala-sbt\compiler-interface\1.10.4\compiler-interface-1.10.4.jar;C:\Users\trand\AppData\Local\Coursier\cache\v1\https\repo1.maven.org\maven2\org\scalameta\parsers_2.13\4.13.9\parsers_2.13-4.13.9.jar;C:\Users\trand\AppData\Local\Coursier\cache\v1\https\repo1.maven.org\maven2\org\scala-lang\scala-compiler\2.13.13\scala-compiler-2.13.13.jar;C:\Users\trand\AppData\Local\Coursier\cache\v1\https\repo1.maven.org\maven2\com\thesamet\scalapb\lenses_2.13\0.11.15\lenses_2.13-0.11.15.jar;C:\Users\trand\AppData\Local\Coursier\cache\v1\https\repo1.maven.org\maven2\com\google\protobuf\protobuf-java\3.19.6\protobuf-java-3.19.6.jar;C:\Users\trand\AppData\Local\Coursier\cache\v1\https\repo1.maven.org\maven2\org\scala-native\nir_3\0.5.8\nir_3-0.5.8.jar;C:\Users\trand\AppData\Local\Coursier\cache\v1\https\repo1.maven.org\maven2\org\scala-native\util_3\0.5.8\util_3-0.5.8.jar;C:\Users\trand\AppData\Local\Coursier\cache\v1\https\repo1.maven.org\maven2\org\hamcrest\hamcrest-core\1.3\hamcrest-core-1.3.jar;C:\Users\trand\AppData\Local\Coursier\cache\v1\https\repo1.maven.org\maven2\org\scala-js\scalajs-logging_2.13\1.1.1\scalajs-logging_2.13-1.1.1.jar;C:\Users\trand\AppData\Local\Coursier\cache\v1\https\repo1.maven.org\maven2\com\lihaoyi\unroll-annotation_2.13\0.1.12\unroll-annotation_2.13-0.1.12.jar;C:\Users\trand\AppData\Local\Coursier\cache\v1\https\repo1.maven.org\maven2\ch\epfl\scala\bloop-rifle_2.13\2.0.13\bloop-rifle_2.13-2.0.13.jar;C:\Users\trand\AppData\Local\Coursier\cache\v1\https\repo1.maven.org\maven2\io\get-coursier\coursier-jvm_2.13\2.1.24\coursier-jvm_2.13-2.1.24.jar;C:\Users\trand\AppData\Local\Coursier\cache\v1\https\repo1.maven.org\maven2\io\get-coursier\dependency_3\0.3.2\dependency_3-0.3.2.jar;C:\Users\trand\AppData\Local\Coursier\cache\v1\https\repo1.maven.org\maven2\org\eclipse\jgit\org.eclipse.jgit\6.8.0.202311291450-r\org.eclipse.jgit-6.8.0.202311291450-r.jar;C:\Users\trand\AppData\Local\Coursier\cache\v1\https\repo1.maven.org\maven2\org\scala-js\scalajs-env-jsdom-nodejs_2.13\1.1.0\scalajs-env-jsdom-nodejs_2.13-1.1.0.jar;C:\Users\trand\AppData\Local\Coursier\cache\v1\https\repo1.maven.org\maven2\org\eclipse\lsp4j\org.eclipse.lsp4j.generator\0.20.1\org.eclipse.lsp4j.generator-0.20.1.jar;C:\Users\trand\AppData\Local\Coursier\cache\v1\https\repo1.maven.org\maven2\org\eclipse\lsp4j\org.eclipse.lsp4j.jsonrpc\0.20.1\org.eclipse.lsp4j.jsonrpc-0.20.1.jar;C:\Users\trand\AppData\Local\Coursier\cache\v1\https\repo1.maven.org\maven2\commons-logging\commons-logging\1.2\commons-logging-1.2.jar;C:\Users\trand\AppData\Local\Coursier\cache\v1\https\repo1.maven.org\maven2\io\grpc\grpc-context\1.27.2\grpc-context-1.27.2.jar;C:\Users\trand\AppData\Local\Coursier\cache\v1\https\repo1.maven.org\maven2\com\google\code\gson\gson\2.10.1\gson-2.10.1.jar;C:\Users\trand\AppData\Local\Coursier\cache\v1\https\repo1.maven.org\maven2\org\scala-sbt\util-interface\1.10.4\util-interface-1.10.4.jar;C:\Users\trand\AppData\Local\Coursier\cache\v1\https\repo1.maven.org\maven2\org\scalameta\trees_2.13\4.13.9\trees_2.13-4.13.9.jar;C:\Users\trand\AppData\Local\Coursier\cache\v1\https\repo1.maven.org\maven2\io\github\java-diff-utils\java-diff-utils\4.12\java-diff-utils-4.12.jar;C:\Users\trand\AppData\Local\Coursier\cache\v1\https\repo1.maven.org\maven2\ch\epfl\scala\libdaemon_2.13\0.0.12\libdaemon_2.13-0.0.12.jar;C:\Users\trand\AppData\Local\Coursier\cache\v1\https\repo1.maven.org\maven2\io\github\alexarchambault\scala-cli\snailgun\snailgun-core_2.13\0.4.1-sc2\snailgun-core_2.13-0.4.1-sc2.jar;C:\Users\trand\AppData\Local\Coursier\cache\v1\https\repo1.maven.org\maven2\io\get-coursier\coursier_2.13\2.1.24\coursier_2.13-2.1.24.jar;C:\Users\trand\AppData\Local\Coursier\cache\v1\https\repo1.maven.org\maven2\io\get-coursier\coursier-env_2.13\2.1.24\coursier-env_2.13-2.1.24.jar;C:\Users\trand\AppData\Local\Coursier\cache\v1\https\repo1.maven.org\maven2\com\googlecode\javaewah\JavaEWAH\1.2.3\JavaEWAH-1.2.3.jar;C:\Users\trand\AppData\Local\Coursier\cache\v1\https\repo1.maven.org\maven2\org\eclipse\xtend\org.eclipse.xtend.lib\2.28.0\org.eclipse.xtend.lib-2.28.0.jar;C:\Users\trand\AppData\Local\Coursier\cache\v1\https\repo1.maven.org\maven2\org\scalameta\common_2.13\4.13.9\common_2.13-4.13.9.jar;C:\Users\trand\AppData\Local\Coursier\cache\v1\https\repo1.maven.org\maven2\org\scalameta\io_2.13\4.13.9\io_2.13-4.13.9.jar;C:\Users\trand\AppData\Local\Coursier\cache\v1\https\repo1.maven.org\maven2\org\eclipse\xtext\org.eclipse.xtext.xbase.lib\2.28.0\org.eclipse.xtext.xbase.lib-2.28.0.jar;C:\Users\trand\AppData\Local\Coursier\cache\v1\https\repo1.maven.org\maven2\org\eclipse\xtend\org.eclipse.xtend.lib.macro\2.28.0\org.eclipse.xtend.lib.macro-2.28.0.jar, scala.cli.ScalaCli, bsp, --workspace, C:\Users\trand\AppData\Local\Temp\metals-scala-cli12055644427132000387, --semantic-db-source-root, C:\Users\trand\OneDrive\Máy tính, C:\Users\trand\OneDrive\Máy tính\build.sbt)
2025.09.25 12:24:16 INFO  tracing is disabled for protocol BSP, to enable tracing of incoming and outgoing JSON messages create an empty file at C:\Users\trand\OneDrive\Máy tính\.metals\bsp.trace.json or C:\Users\trand\AppData\Local\scalameta\metals\cache\bsp.trace.json
2025.09.25 12:24:18 INFO  Scala CLI: [error]  C:\Users\trand\OneDrive\Máy tính\build.sbt: unrecognized source type (expected .scala or .sc extension, or a directory).
2025.09.25 12:25:16 ERROR Timeout waiting for 'build/initialize' response
2025.09.25 12:25:16 WARN  Retrying connection to the build server Scala CLI
2025.09.25 12:25:16 INFO  Running List(C:\Program Files\Java\jdk-17\bin\java.exe, -cp, C:\Users\trand\AppData\Local\Coursier\cache\v1\https\repo1.maven.org\maven2\org\virtuslab\scala-cli\cli_3\1.8.5\cli_3-1.8.5.jar;C:\Users\trand\AppData\Local\Coursier\cache\v1\https\repo1.maven.org\maven2\com\github\alexarchambault\case-app_3\2.1.0-M30\case-app_3-2.1.0-M30.jar;C:\Users\trand\AppData\Local\Coursier\cache\v1\https\repo1.maven.org\maven2\io\get-coursier\coursier-launcher_2.13\2.1.24\coursier-launcher_2.13-2.1.24.jar;C:\Users\trand\AppData\Local\Coursier\cache\v1\https\repo1.maven.org\maven2\io\get-coursier\coursier-proxy-setup\2.1.24\coursier-proxy-setup-2.1.24.jar;C:\Users\trand\AppData\Local\Coursier\cache\v1\https\repo1.maven.org\maven2\io\get-coursier\publish\publish_3\0.4.3\publish_3-0.4.3.jar;C:\Users\trand\AppData\Local\Coursier\cache\v1\https\repo1.maven.org\maven2\com\google\jimfs\jimfs\1.3.1\jimfs-1.3.1.jar;C:\Users\trand\AppData\Local\Coursier\cache\v1\https\repo1.maven.org\maven2\io\get-coursier\jniutils\windows-jni-utils\0.3.3\windows-jni-utils-0.3.3.jar;C:\Users\trand\AppData\Local\Coursier\cache\v1\https\repo1.maven.org\maven2\com\github\plokhotnyuk\jsoniter-scala\jsoniter-scala-core_3\2.13.5.2\jsoniter-scala-core_3-2.13.5.2.jar;C:\Users\trand\AppData\Local\Coursier\cache\v1\https\repo1.maven.org\maven2\org\virtuslab\scala-cli\libsodiumjni\0.0.4\libsodiumjni-0.0.4.jar;C:\Users\trand\AppData\Local\Coursier\cache\v1\https\repo1.maven.org\maven2\org\scalameta\metaconfig-typesafe-config_3\0.16.0\metaconfig-typesafe-config_3-0.16.0.jar;C:\Users\trand\AppData\Local\Coursier\cache\v1\https\repo1.maven.org\maven2\ai\kien\python-native-libs_3\0.2.4\python-native-libs_3-0.2.4.jar;C:\Users\trand\AppData\Local\Coursier\cache\v1\https\repo1.maven.org\maven2\org\virtuslab\scala-packager_2.13\0.1.33\scala-packager_2.13-0.1.33.jar;C:\Users\trand\AppData\Local\Coursier\cache\v1\https\repo1.maven.org\maven2\org\virtuslab\scala-cli-signing\cli_3\0.2.11\cli_3-0.2.11.jar;C:\Users\trand\AppData\Local\Coursier\cache\v1\https\repo1.maven.org\maven2\org\slf4j\slf4j-nop\2.0.17\slf4j-nop-2.0.17.jar;C:\Users\trand\AppData\Local\Coursier\cache\v1\https\repo1.maven.org\maven2\com\softwaremill\sttp\client3\core_3\3.11.0\core_3-3.11.0.jar;C:\Users\trand\AppData\Local\Coursier\cache\v1\https\repo1.maven.org\maven2\ch\epfl\scala\scalafix-interfaces\0.14.3\scalafix-interfaces-0.14.3.jar;C:\Users\trand\AppData\Local\Coursier\cache\v1\https\repo1.maven.org\maven2\org\scala-lang\scala3-library_3\3.3.6\scala3-library_3-3.3.6.jar;C:\Users\trand\AppData\Local\Coursier\cache\v1\https\repo1.maven.org\maven2\org\virtuslab\scala-cli\build-module_3\1.8.5\build-module_3-1.8.5.jar;C:\Users\trand\AppData\Local\Coursier\cache\v1\https\repo1.maven.org\maven2\org\virtuslab\scala-cli\config_3\1.8.5\config_3-1.8.5.jar;C:\Users\trand\AppData\Local\Coursier\cache\v1\https\repo1.maven.org\maven2\org\virtuslab\scala-cli\scala3-graal_3\1.8.5\scala3-graal_3-1.8.5.jar;C:\Users\trand\AppData\Local\Coursier\cache\v1\https\repo1.maven.org\maven2\org\virtuslab\scala-cli\specification-level_3\1.8.5\specification-level_3-1.8.5.jar;C:\Users\trand\AppData\Local\Coursier\cache\v1\https\repo1.maven.org\maven2\com\lihaoyi\sourcecode_3\0.4.3-M5\sourcecode_3-0.4.3-M5.jar;C:\Users\trand\AppData\Local\Coursier\cache\v1\https\repo1.maven.org\maven2\com\github\alexarchambault\case-app-annotations_3\2.1.0-M30\case-app-annotations_3-2.1.0-M30.jar;C:\Users\trand\AppData\Local\Coursier\cache\v1\https\repo1.maven.org\maven2\com\github\alexarchambault\case-app-util_3\2.1.0-M30\case-app-util_3-2.1.0-M30.jar;C:\Users\trand\AppData\Local\Coursier\cache\v1\https\repo1.maven.org\maven2\io\github\alexarchambault\scala-cli\tmp\zip-input-stream\0.1.1\zip-input-stream-0.1.1.jar;C:\Users\trand\AppData\Local\Coursier\cache\v1\https\repo1.maven.org\maven2\org\scala-lang\scala-library\2.13.16\scala-library-2.13.16.jar;C:\Users\trand\AppData\Local\Coursier\cache\v1\https\repo1.maven.org\maven2\io\get-coursier\coursier-cache_2.13\2.1.24\coursier-cache_2.13-2.1.24.jar;C:\Users\trand\AppData\Local\Coursier\cache\v1\https\repo1.maven.org\maven2\io\get-coursier\coursier-core_2.13\2.1.24\coursier-core_2.13-2.1.24.jar;C:\Users\trand\AppData\Local\Coursier\cache\v1\https\repo1.maven.org\maven2\com\google\guava\guava\33.4.8-jre\guava-33.4.8-jre.jar;C:\Users\trand\AppData\Local\Coursier\cache\v1\https\repo1.maven.org\maven2\net\java\dev\jna\jna\5.13.0\jna-5.13.0.jar;C:\Users\trand\AppData\Local\Coursier\cache\v1\https\repo1.maven.org\maven2\net\java\dev\jna\jna-platform\5.12.1\jna-platform-5.12.1.jar;C:\Users\trand\AppData\Local\Coursier\cache\v1\https\repo1.maven.org\maven2\org\scalameta\metaconfig-core_3\0.16.0\metaconfig-core_3-0.16.0.jar;C:\Users\trand\AppData\Local\Coursier\cache\v1\https\repo1.maven.org\maven2\com\typesafe\config\1.4.3\config-1.4.3.jar;C:\Users\trand\AppData\Local\Coursier\cache\v1\https\repo1.maven.org\maven2\org\scala-lang\modules\scala-collection-compat_3\2.13.0\scala-collection-compat_3-2.13.0.jar;C:\Users\trand\AppData\Local\Coursier\cache\v1\https\repo1.maven.org\maven2\commons-io\commons-io\2.19.0\commons-io-2.19.0.jar;C:\Users\trand\AppData\Local\Coursier\cache\v1\https\repo1.maven.org\maven2\com\google\cloud\tools\jib-core\0.27.3\jib-core-0.27.3.jar;C:\Users\trand\AppData\Local\Coursier\cache\v1\https\repo1.maven.org\maven2\org\bouncycastle\bcpg-jdk18on\1.81\bcpg-jdk18on-1.81.jar;C:\Users\trand\AppData\Local\Coursier\cache\v1\https\repo1.maven.org\maven2\org\bouncycastle\bcutil-jdk18on\1.81\bcutil-jdk18on-1.81.jar;C:\Users\trand\AppData\Local\Coursier\cache\v1\https\repo1.maven.org\maven2\org\virtuslab\scala-cli-signing\shared_3\0.2.11\shared_3-0.2.11.jar;C:\Users\trand\AppData\Local\Coursier\cache\v1\https\repo1.maven.org\maven2\org\slf4j\slf4j-api\2.0.17\slf4j-api-2.0.17.jar;C:\Users\trand\AppData\Local\Coursier\cache\v1\https\repo1.maven.org\maven2\com\softwaremill\sttp\model\core_3\1.7.11\core_3-1.7.11.jar;C:\Users\trand\AppData\Local\Coursier\cache\v1\https\repo1.maven.org\maven2\com\softwaremill\sttp\shared\core_3\1.3.22\core_3-1.3.22.jar;C:\Users\trand\AppData\Local\Coursier\cache\v1\https\repo1.maven.org\maven2\com\softwaremill\sttp\shared\ws_3\1.3.22\ws_3-1.3.22.jar;C:\Users\trand\AppData\Local\Coursier\cache\v1\https\repo1.maven.org\maven2\io\get-coursier\interface\1.0.28\interface-1.0.28.jar;C:\Users\trand\AppData\Local\Coursier\cache\v1\https\repo1.maven.org\maven2\org\ow2\asm\asm\9.8\asm-9.8.jar;C:\Users\trand\AppData\Local\Coursier\cache\v1\https\repo1.maven.org\maven2\org\virtuslab\scala-cli\java-class-name\java-class-name_3\0.1.8\java-class-name_3-0.1.8.jar;C:\Users\trand\AppData\Local\Coursier\cache\v1\https\repo1.maven.org\maven2\org\scalameta\semanticdb-shared_2.13\4.13.9\semanticdb-shared_2.13-4.13.9.jar;C:\Users\trand\AppData\Local\Coursier\cache\v1\https\repo1.maven.org\maven2\org\scala-native\test-runner_3\0.5.8\test-runner_3-0.5.8.jar;C:\Users\trand\AppData\Local\Coursier\cache\v1\https\repo1.maven.org\maven2\com\lihaoyi\os-lib_3\0.11.5\os-lib_3-0.11.5.jar;C:\Users\trand\AppData\Local\Coursier\cache\v1\https\repo1.maven.org\maven2\com\lihaoyi\pprint_3\0.9.3\pprint_3-0.9.3.jar;C:\Users\trand\AppData\Local\Coursier\cache\v1\https\repo1.maven.org\maven2\org\scala-js\scalajs-env-nodejs_2.13\1.4.0\scalajs-env-nodejs_2.13-1.4.0.jar;C:\Users\trand\AppData\Local\Coursier\cache\v1\https\repo1.maven.org\maven2\org\scala-js\scalajs-sbt-test-adapter_2.13\1.19.0\scalajs-sbt-test-adapter_2.13-1.19.0.jar;C:\Users\trand\AppData\Local\Coursier\cache\v1\https\repo1.maven.org\maven2\com\swoval\file-tree-views\2.1.12\file-tree-views-2.1.12.jar;C:\Users\trand\AppData\Local\Coursier\cache\v1\https\repo1.maven.org\maven2\org\virtuslab\scala-cli\zip-input-stream\zip-input-stream\0.1.3\zip-input-stream-0.1.3.jar;C:\Users\trand\AppData\Local\Coursier\cache\v1\https\repo1.maven.org\maven2\org\virtuslab\scala-cli\options_3\1.8.5\options_3-1.8.5.jar;C:\Users\trand\AppData\Local\Coursier\cache\v1\https\repo1.maven.org\maven2\org\virtuslab\scala-cli\directives_3\1.8.5\directives_3-1.8.5.jar;C:\Users\trand\AppData\Local\Coursier\cache\v1\https\repo1.maven.org\maven2\org\virtuslab\scala-cli\scala-cli-bsp\1.8.5\scala-cli-bsp-1.8.5.jar;C:\Users\trand\AppData\Local\Coursier\cache\v1\https\repo1.maven.org\maven2\org\virtuslab\scala-cli\test-runner_3\1.8.5\test-runner_3-1.8.5.jar;C:\Users\trand\AppData\Local\Coursier\cache\v1\https\repo1.maven.org\maven2\org\virtuslab\scala-cli\tasty-lib_3\1.8.5\tasty-lib_3-1.8.5.jar;C:\Users\trand\AppData\Local\Coursier\cache\v1\https\repo1.maven.org\maven2\io\github\alexarchambault\is-terminal\0.1.1\is-terminal-0.1.1.jar;C:\Users\trand\AppData\Local\Coursier\cache\v1\https\repo1.maven.org\maven2\org\codehaus\plexus\plexus-archiver\4.10.0\plexus-archiver-4.10.0.jar;C:\Users\trand\AppData\Local\Coursier\cache\v1\https\repo1.maven.org\maven2\org\codehaus\plexus\plexus-container-default\2.1.1\plexus-container-default-2.1.1.jar;C:\Users\trand\AppData\Local\Coursier\cache\v1\https\repo1.maven.org\maven2\io\github\alexarchambault\windows-ansi\windows-ansi\0.0.6\windows-ansi-0.0.6.jar;C:\Users\trand\AppData\Local\Coursier\cache\v1\https\repo1.maven.org\maven2\io\get-coursier\cache-util\2.1.24\cache-util-2.1.24.jar;C:\Users\trand\AppData\Local\Coursier\cache\v1\https\repo1.maven.org\maven2\io\get-coursier\coursier-util_2.13\2.1.24\coursier-util_2.13-2.1.24.jar;C:\Users\trand\AppData\Local\Coursier\cache\v1\https\repo1.maven.org\maven2\io\github\alexarchambault\concurrent-reference-hash-map\1.1.0\concurrent-reference-hash-map-1.1.0.jar;C:\Users\trand\AppData\Local\Coursier\cache\v1\https\repo1.maven.org\maven2\org\scala-lang\modules\scala-xml_2.13\2.3.0\scala-xml_2.13-2.3.0.jar;C:\Users\trand\AppData\Local\Coursier\cache\v1\https\repo1.maven.org\maven2\com\google\guava\failureaccess\1.0.3\failureaccess-1.0.3.jar;C:\Users\trand\AppData\Local\Coursier\cache\v1\https\repo1.maven.org\maven2\com\google\guava\listenablefuture\9999.0-empty-to-avoid-conflict-with-guava\listenablefuture-9999.0-empty-to-avoid-conflict-with-guava.jar;C:\Users\trand\AppData\Local\Coursier\cache\v1\https\repo1.maven.org\maven2\org\jspecify\jspecify\1.0.0\jspecify-1.0.0.jar;C:\Users\trand\AppData\Local\Coursier\cache\v1\https\repo1.maven.org\maven2\com\google\errorprone\error_prone_annotations\2.36.0\error_prone_annotations-2.36.0.jar;C:\Users\trand\AppData\Local\Coursier\cache\v1\https\repo1.maven.org\maven2\com\google\j2objc\j2objc-annotations\3.0.0\j2objc-annotations-3.0.0.jar;C:\Users\trand\AppData\Local\Coursier\cache\v1\https\repo1.maven.org\maven2\org\scalameta\metaconfig-pprint_3\0.16.0\metaconfig-pprint_3-0.16.0.jar;C:\Users\trand\AppData\Local\Coursier\cache\v1\https\repo1.maven.org\maven2\org\typelevel\paiges-core_3\0.4.4\paiges-core_3-0.4.4.jar;C:\Users\trand\AppData\Local\Coursier\cache\v1\https\repo1.maven.org\maven2\org\scala-lang\scala-reflect\2.13.16\scala-reflect-2.13.16.jar;C:\Users\trand\AppData\Local\Coursier\cache\v1\https\repo1.maven.org\maven2\com\google\cloud\tools\jib-build-plan\0.4.0\jib-build-plan-0.4.0.jar;C:\Users\trand\AppData\Local\Coursier\cache\v1\https\repo1.maven.org\maven2\com\google\http-client\google-http-client\1.42.2\google-http-client-1.42.2.jar;C:\Users\trand\AppData\Local\Coursier\cache\v1\https\repo1.maven.org\maven2\com\google\http-client\google-http-client-apache-v2\1.42.2\google-http-client-apache-v2-1.42.2.jar;C:\Users\trand\AppData\Local\Coursier\cache\v1\https\repo1.maven.org\maven2\com\google\auth\google-auth-library-oauth2-http\1.10.0\google-auth-library-oauth2-http-1.10.0.jar;C:\Users\trand\AppData\Local\Coursier\cache\v1\https\repo1.maven.org\maven2\org\apache\commons\commons-compress\1.26.2\commons-compress-1.26.2.jar;C:\Users\trand\AppData\Local\Coursier\cache\v1\https\repo1.maven.org\maven2\com\fasterxml\jackson\core\jackson-databind\2.15.2\jackson-databind-2.15.2.jar;C:\Users\trand\AppData\Local\Coursier\cache\v1\https\repo1.maven.org\maven2\com\fasterxml\jackson\datatype\jackson-datatype-jsr310\2.15.2\jackson-datatype-jsr310-2.15.2.jar;C:\Users\trand\AppData\Local\Coursier\cache\v1\https\repo1.maven.org\maven2\org\bouncycastle\bcprov-jdk18on\1.81\bcprov-jdk18on-1.81.jar;C:\Users\trand\AppData\Local\Coursier\cache\v1\https\repo1.maven.org\maven2\org\jline\jline-terminal-jni\3.25.0\jline-terminal-jni-3.25.0.jar;C:\Users\trand\AppData\Local\Coursier\cache\v1\https\repo1.maven.org\maven2\org\jline\jline-native\3.25.0\jline-native-3.25.0.jar;C:\Users\trand\AppData\Local\Coursier\cache\v1\https\repo1.maven.org\maven2\org\scala-lang\scala3-compiler_3\3.3.6\scala3-compiler_3-3.3.6.jar;C:\Users\trand\AppData\Local\Coursier\cache\v1\https\repo1.maven.org\maven2\org\scalameta\scalameta_2.13\4.13.9\scalameta_2.13-4.13.9.jar;C:\Users\trand\AppData\Local\Coursier\cache\v1\https\repo1.maven.org\maven2\org\scala-lang\scalap\2.13.13\scalap-2.13.13.jar;C:\Users\trand\AppData\Local\Coursier\cache\v1\https\repo1.maven.org\maven2\com\thesamet\scalapb\scalapb-runtime_2.13\0.11.15\scalapb-runtime_2.13-0.11.15.jar;C:\Users\trand\AppData\Local\Coursier\cache\v1\https\repo1.maven.org\maven2\org\scala-native\tools_3\0.5.8\tools_3-0.5.8.jar;C:\Users\trand\AppData\Local\Coursier\cache\v1\https\repo1.maven.org\maven2\org\scala-sbt\test-interface\1.0\test-interface-1.0.jar;C:\Users\trand\AppData\Local\Coursier\cache\v1\https\repo1.maven.org\maven2\com\github\sbt\junit-interface\0.13.3\junit-interface-0.13.3.jar;C:\Users\trand\AppData\Local\Coursier\cache\v1\https\repo1.maven.org\maven2\junit\junit\4.13.2\junit-4.13.2.jar;C:\Users\trand\AppData\Local\Coursier\cache\v1\https\repo1.maven.org\maven2\com\lihaoyi\geny_3\1.1.1\geny_3-1.1.1.jar;C:\Users\trand\AppData\Local\Coursier\cache\v1\https\repo1.maven.org\maven2\com\lihaoyi\os-zip\0.11.5\os-zip-0.11.5.jar;C:\Users\trand\AppData\Local\Coursier\cache\v1\https\repo1.maven.org\maven2\com\lihaoyi\fansi_3\0.5.1\fansi_3-0.5.1.jar;C:\Users\trand\AppData\Local\Coursier\cache\v1\https\repo1.maven.org\maven2\org\scala-js\scalajs-js-envs_2.13\1.4.0\scalajs-js-envs_2.13-1.4.0.jar;C:\Users\trand\AppData\Local\Coursier\cache\v1\https\repo1.maven.org\maven2\ch\epfl\scala\bloop-config_2.13\2.3.2\bloop-config_2.13-2.3.2.jar;C:\Users\trand\AppData\Local\Coursier\cache\v1\https\repo1.maven.org\maven2\org\virtuslab\scala-cli\core_3\1.8.5\core_3-1.8.5.jar;C:\Users\trand\AppData\Local\Coursier\cache\v1\https\repo1.maven.org\maven2\org\virtuslab\using_directives\1.1.4\using_directives-1.1.4.jar;C:\Users\trand\AppData\Local\Coursier\cache\v1\https\repo1.maven.org\maven2\org\virtuslab\scala-cli\build-macros_3\1.8.5\build-macros_3-1.8.5.jar;C:\Users\trand\AppData\Local\Coursier\cache\v1\https\repo1.maven.org\maven2\ch\epfl\scala\bsp4j\2.1.1\bsp4j-2.1.1.jar;C:\Users\trand\AppData\Local\Coursier\cache\v1\https\repo1.maven.org\maven2\javax\inject\javax.inject\1\javax.inject-1.jar;C:\Users\trand\AppData\Local\Coursier\cache\v1\https\repo1.maven.org\maven2\org\codehaus\plexus\plexus-utils\4.0.1\plexus-utils-4.0.1.jar;C:\Users\trand\AppData\Local\Coursier\cache\v1\https\repo1.maven.org\maven2\org\codehaus\plexus\plexus-io\3.5.0\plexus-io-3.5.0.jar;C:\Users\trand\AppData\Local\Coursier\cache\v1\https\repo1.maven.org\maven2\io\airlift\aircompressor\0.27\aircompressor-0.27.jar;C:\Users\trand\AppData\Local\Coursier\cache\v1\https\repo1.maven.org\maven2\org\tukaani\xz\1.9\xz-1.9.jar;C:\Users\trand\AppData\Local\Coursier\cache\v1\https\repo1.maven.org\maven2\com\github\luben\zstd-jni\1.5.6-3\zstd-jni-1.5.6-3.jar;C:\Users\trand\AppData\Local\Coursier\cache\v1\https\repo1.maven.org\maven2\org\codehaus\plexus\plexus-classworlds\2.6.0\plexus-classworlds-2.6.0.jar;C:\Users\trand\AppData\Local\Coursier\cache\v1\https\repo1.maven.org\maven2\org\apache\xbean\xbean-reflect\3.7\xbean-reflect-3.7.jar;C:\Users\trand\AppData\Local\Coursier\cache\v1\https\repo1.maven.org\maven2\org\fusesource\jansi\jansi\2.4.1\jansi-2.4.1.jar;C:\Users\trand\AppData\Local\Coursier\cache\v1\https\repo1.maven.org\maven2\org\apache\httpcomponents\httpclient\4.5.13\httpclient-4.5.13.jar;C:\Users\trand\AppData\Local\Coursier\cache\v1\https\repo1.maven.org\maven2\org\apache\httpcomponents\httpcore\4.4.15\httpcore-4.4.15.jar;C:\Users\trand\AppData\Local\Coursier\cache\v1\https\repo1.maven.org\maven2\com\google\code\findbugs\jsr305\3.0.2\jsr305-3.0.2.jar;C:\Users\trand\AppData\Local\Coursier\cache\v1\https\repo1.maven.org\maven2\io\opencensus\opencensus-api\0.31.1\opencensus-api-0.31.1.jar;C:\Users\trand\AppData\Local\Coursier\cache\v1\https\repo1.maven.org\maven2\io\opencensus\opencensus-contrib-http-util\0.31.1\opencensus-contrib-http-util-0.31.1.jar;C:\Users\trand\AppData\Local\Coursier\cache\v1\https\repo1.maven.org\maven2\com\google\auto\value\auto-value-annotations\1.9\auto-value-annotations-1.9.jar;C:\Users\trand\AppData\Local\Coursier\cache\v1\https\repo1.maven.org\maven2\com\google\auth\google-auth-library-credentials\1.10.0\google-auth-library-credentials-1.10.0.jar;C:\Users\trand\AppData\Local\Coursier\cache\v1\https\repo1.maven.org\maven2\com\google\http-client\google-http-client-gson\1.42.2\google-http-client-gson-1.42.2.jar;C:\Users\trand\AppData\Local\Coursier\cache\v1\https\repo1.maven.org\maven2\commons-codec\commons-codec\1.17.0\commons-codec-1.17.0.jar;C:\Users\trand\AppData\Local\Coursier\cache\v1\https\repo1.maven.org\maven2\org\apache\commons\commons-lang3\3.14.0\commons-lang3-3.14.0.jar;C:\Users\trand\AppData\Local\Coursier\cache\v1\https\repo1.maven.org\maven2\com\fasterxml\jackson\core\jackson-annotations\2.15.2\jackson-annotations-2.15.2.jar;C:\Users\trand\AppData\Local\Coursier\cache\v1\https\repo1.maven.org\maven2\com\fasterxml\jackson\core\jackson-core\2.15.2\jackson-core-2.15.2.jar;C:\Users\trand\AppData\Local\Coursier\cache\v1\https\repo1.maven.org\maven2\org\scala-lang\scala3-interfaces\3.3.6\scala3-interfaces-3.3.6.jar;C:\Users\trand\AppData\Local\Coursier\cache\v1\https\repo1.maven.org\maven2\org\scala-lang\tasty-core_3\3.3.6\tasty-core_3-3.3.6.jar;C:\Users\trand\AppData\Local\Coursier\cache\v1\https\repo1.maven.org\maven2\org\scala-lang\modules\scala-asm\9.8.0-scala-1\scala-asm-9.8.0-scala-1.jar;C:\Users\trand\AppData\Local\Coursier\cache\v1\https\repo1.maven.org\maven2\org\scala-sbt\compiler-interface\1.10.4\compiler-interface-1.10.4.jar;C:\Users\trand\AppData\Local\Coursier\cache\v1\https\repo1.maven.org\maven2\org\scalameta\parsers_2.13\4.13.9\parsers_2.13-4.13.9.jar;C:\Users\trand\AppData\Local\Coursier\cache\v1\https\repo1.maven.org\maven2\org\scala-lang\scala-compiler\2.13.13\scala-compiler-2.13.13.jar;C:\Users\trand\AppData\Local\Coursier\cache\v1\https\repo1.maven.org\maven2\com\thesamet\scalapb\lenses_2.13\0.11.15\lenses_2.13-0.11.15.jar;C:\Users\trand\AppData\Local\Coursier\cache\v1\https\repo1.maven.org\maven2\com\google\protobuf\protobuf-java\3.19.6\protobuf-java-3.19.6.jar;C:\Users\trand\AppData\Local\Coursier\cache\v1\https\repo1.maven.org\maven2\org\scala-native\nir_3\0.5.8\nir_3-0.5.8.jar;C:\Users\trand\AppData\Local\Coursier\cache\v1\https\repo1.maven.org\maven2\org\scala-native\util_3\0.5.8\util_3-0.5.8.jar;C:\Users\trand\AppData\Local\Coursier\cache\v1\https\repo1.maven.org\maven2\org\hamcrest\hamcrest-core\1.3\hamcrest-core-1.3.jar;C:\Users\trand\AppData\Local\Coursier\cache\v1\https\repo1.maven.org\maven2\org\scala-js\scalajs-logging_2.13\1.1.1\scalajs-logging_2.13-1.1.1.jar;C:\Users\trand\AppData\Local\Coursier\cache\v1\https\repo1.maven.org\maven2\com\lihaoyi\unroll-annotation_2.13\0.1.12\unroll-annotation_2.13-0.1.12.jar;C:\Users\trand\AppData\Local\Coursier\cache\v1\https\repo1.maven.org\maven2\ch\epfl\scala\bloop-rifle_2.13\2.0.13\bloop-rifle_2.13-2.0.13.jar;C:\Users\trand\AppData\Local\Coursier\cache\v1\https\repo1.maven.org\maven2\io\get-coursier\coursier-jvm_2.13\2.1.24\coursier-jvm_2.13-2.1.24.jar;C:\Users\trand\AppData\Local\Coursier\cache\v1\https\repo1.maven.org\maven2\io\get-coursier\dependency_3\0.3.2\dependency_3-0.3.2.jar;C:\Users\trand\AppData\Local\Coursier\cache\v1\https\repo1.maven.org\maven2\org\eclipse\jgit\org.eclipse.jgit\6.8.0.202311291450-r\org.eclipse.jgit-6.8.0.202311291450-r.jar;C:\Users\trand\AppData\Local\Coursier\cache\v1\https\repo1.maven.org\maven2\org\scala-js\scalajs-env-jsdom-nodejs_2.13\1.1.0\scalajs-env-jsdom-nodejs_2.13-1.1.0.jar;C:\Users\trand\AppData\Local\Coursier\cache\v1\https\repo1.maven.org\maven2\org\eclipse\lsp4j\org.eclipse.lsp4j.generator\0.20.1\org.eclipse.lsp4j.generator-0.20.1.jar;C:\Users\trand\AppData\Local\Coursier\cache\v1\https\repo1.maven.org\maven2\org\eclipse\lsp4j\org.eclipse.lsp4j.jsonrpc\0.20.1\org.eclipse.lsp4j.jsonrpc-0.20.1.jar;C:\Users\trand\AppData\Local\Coursier\cache\v1\https\repo1.maven.org\maven2\commons-logging\commons-logging\1.2\commons-logging-1.2.jar;C:\Users\trand\AppData\Local\Coursier\cache\v1\https\repo1.maven.org\maven2\io\grpc\grpc-context\1.27.2\grpc-context-1.27.2.jar;C:\Users\trand\AppData\Local\Coursier\cache\v1\https\repo1.maven.org\maven2\com\google\code\gson\gson\2.10.1\gson-2.10.1.jar;C:\Users\trand\AppData\Local\Coursier\cache\v1\https\repo1.maven.org\maven2\org\scala-sbt\util-interface\1.10.4\util-interface-1.10.4.jar;C:\Users\trand\AppData\Local\Coursier\cache\v1\https\repo1.maven.org\maven2\org\scalameta\trees_2.13\4.13.9\trees_2.13-4.13.9.jar;C:\Users\trand\AppData\Local\Coursier\cache\v1\https\repo1.maven.org\maven2\io\github\java-diff-utils\java-diff-utils\4.12\java-diff-utils-4.12.jar;C:\Users\trand\AppData\Local\Coursier\cache\v1\https\repo1.maven.org\maven2\ch\epfl\scala\libdaemon_2.13\0.0.12\libdaemon_2.13-0.0.12.jar;C:\Users\trand\AppData\Local\Coursier\cache\v1\https\repo1.maven.org\maven2\io\github\alexarchambault\scala-cli\snailgun\snailgun-core_2.13\0.4.1-sc2\snailgun-core_2.13-0.4.1-sc2.jar;C:\Users\trand\AppData\Local\Coursier\cache\v1\https\repo1.maven.org\maven2\io\get-coursier\coursier_2.13\2.1.24\coursier_2.13-2.1.24.jar;C:\Users\trand\AppData\Local\Coursier\cache\v1\https\repo1.maven.org\maven2\io\get-coursier\coursier-env_2.13\2.1.24\coursier-env_2.13-2.1.24.jar;C:\Users\trand\AppData\Local\Coursier\cache\v1\https\repo1.maven.org\maven2\com\googlecode\javaewah\JavaEWAH\1.2.3\JavaEWAH-1.2.3.jar;C:\Users\trand\AppData\Local\Coursier\cache\v1\https\repo1.maven.org\maven2\org\eclipse\xtend\org.eclipse.xtend.lib\2.28.0\org.eclipse.xtend.lib-2.28.0.jar;C:\Users\trand\AppData\Local\Coursier\cache\v1\https\repo1.maven.org\maven2\org\scalameta\common_2.13\4.13.9\common_2.13-4.13.9.jar;C:\Users\trand\AppData\Local\Coursier\cache\v1\https\repo1.maven.org\maven2\org\scalameta\io_2.13\4.13.9\io_2.13-4.13.9.jar;C:\Users\trand\AppData\Local\Coursier\cache\v1\https\repo1.maven.org\maven2\org\eclipse\xtext\org.eclipse.xtext.xbase.lib\2.28.0\org.eclipse.xtext.xbase.lib-2.28.0.jar;C:\Users\trand\AppData\Local\Coursier\cache\v1\https\repo1.maven.org\maven2\org\eclipse\xtend\org.eclipse.xtend.lib.macro\2.28.0\org.eclipse.xtend.lib.macro-2.28.0.jar, scala.cli.ScalaCli, bsp, --workspace, C:\Users\trand\AppData\Local\Temp\metals-scala-cli12055644427132000387, --semantic-db-source-root, C:\Users\trand\OneDrive\Máy tính, C:\Users\trand\OneDrive\Máy tính\build.sbt)
2025.09.25 12:25:16 INFO  tracing is disabled for protocol BSP, to enable tracing of incoming and outgoing JSON messages create an empty file at C:\Users\trand\OneDrive\Máy tính\.metals\bsp.trace.json or C:\Users\trand\AppData\Local\scalameta\metals\cache\bsp.trace.json
2025.09.25 12:25:17 INFO  Scala CLI: [error]  C:\Users\trand\OneDrive\Máy tính\build.sbt: unrecognized source type (expected .scala or .sc extension, or a directory).
2025.09.25 12:26:05 INFO  Shutting down server
2025.09.25 12:26:05 INFO  shutting down Metals
2025.09.25 12:26:05 INFO  Exiting server
2025.09.25 13:46:54 INFO  Started: Metals version 1.6.2 in folders 'D:\University\5_1_Subjects\NLP\Lab2' for client Visual Studio Code 1.104.1.
2025.09.25 13:46:55 INFO  no build target found for D:\University\5_1_Subjects\NLP\Lab2\src\main\scala\lab2.scala. Using presentation compiler with project's scala-library version: 3.3.6
2025.09.25 13:46:58 INFO  no build target found for D:\University\5_1_Subjects\NLP\Lab2\src\main\scala\lab2.scala. Using presentation compiler with project's scala-library version: 3.3.6
2025.09.25 13:46:58 INFO  Attempting to connect to the build server...
2025.09.25 13:47:13 ERROR Failed to connect with build server, no functionality will work.
java.util.concurrent.TimeoutException: Future timed out after [15 seconds]
	at scala.concurrent.impl.Promise$DefaultPromise.tryAwait0(Promise.scala:248)
	at scala.concurrent.impl.Promise$DefaultPromise.result(Promise.scala:261)
	at scala.concurrent.Await$.$anonfun$result$1(package.scala:201)
	at scala.concurrent.BlockContext$DefaultBlockContext$.blockOn(BlockContext.scala:62)
	at scala.concurrent.Await$.result(package.scala:124)
	at scala.meta.internal.metals.MetalsEnrichments$XtensionScalaFuture.$anonfun$withTimeout$1(MetalsEnrichments.scala:296)
	at scala.concurrent.Future$.$anonfun$apply$1(Future.scala:687)
	at scala.concurrent.impl.Promise$Transformation.run(Promise.scala:467)
	at java.util.concurrent.ThreadPoolExecutor.runWorker(ThreadPoolExecutor.java:1136)
	at java.util.concurrent.ThreadPoolExecutor$Worker.run(ThreadPoolExecutor.java:635)
	at java.lang.Thread.run(Thread.java:842)

2025.09.25 13:47:13 INFO  no build target found for D:\University\5_1_Subjects\NLP\Lab2\src\main\scala\lab2.scala. Using presentation compiler with project's scala-library version: 3.3.6
2025.09.25 13:47:13 WARN  no build target for: D:\University\5_1_Subjects\NLP\Lab2\build.sbt
2025.09.25 13:47:13 WARN  no build target for: D:\University\5_1_Subjects\NLP\Lab2\src\main\scala\lab2.scala
2025.09.25 13:47:13 INFO  no build target found for D:\University\5_1_Subjects\NLP\Lab2\src\main\scala\lab2.scala. Using presentation compiler with project's scala-library version: 3.3.6
2025.09.25 13:47:13 INFO  no build target found for D:\University\5_1_Subjects\NLP\Lab2\src\main\scala\lab2.scala. Using presentation compiler with project's scala-library version: 3.3.6
2025.09.25 13:47:14 INFO  no build target found for D:\University\5_1_Subjects\NLP\Lab2\build.sbt. Using presentation compiler with project's scala-library version: 3.3.6
2025.09.25 13:47:15 INFO  no build target found for D:\University\5_1_Subjects\NLP\Lab2\src\main\scala\lab2.scala. Using presentation compiler with project's scala-library version: 3.3.6
2025.09.25 13:47:16 INFO  no build target found for D:\University\5_1_Subjects\NLP\Lab2\src\main\scala\lab2.scala. Using presentation compiler with project's scala-library version: 3.3.6
2025.09.25 13:47:18 INFO  Shutting down server
2025.09.25 13:47:18 INFO  shutting down Metals
2025.09.25 13:47:18 INFO  Exiting server
